country_code,country_name,indicator_id,indicator_name,index_id,index_name,value,year
UGA,Uganda,abr,"Adolescent Birth Rate (births per 1,000 women ages 15-19)",GII,Gender Inequality Index,180.382,1990
UGA,Uganda,abr,"Adolescent Birth Rate (births per 1,000 women ages 15-19)",GII,Gender Inequality Index,179.802,1991
UGA,Uganda,abr,"Adolescent Birth Rate (births per 1,000 women ages 15-19)",GII,Gender Inequality Index,184.028,1992
UGA,Uganda,abr,"Adolescent Birth Rate (births per 1,000 women ages 15-19)",GII,Gender Inequality Index,183.71,1993
UGA,Uganda,abr,"Adolescent Birth Rate (births per 1,000 women ages 15-19)",GII,Gender Inequality Index,181.608,1994
UGA,Uganda,abr,"Adolescent Birth Rate (births per 1,000 women ages 15-19)",GII,Gender Inequality Index,183.113,1995
UGA,Uganda,abr,"Adolescent Birth Rate (births per 1,000 women ages 15-19)",GII,Gender Inequality Index,185.192,1996
UGA,Uganda,abr,"Adolescent Birth Rate (births per 1,000 women ages 15-19)",GII,Gender Inequality Index,183.138,1997
UGA,Uganda,abr,"Adolescent Birth Rate (births per 1,000 women ages 15-19)",GII,Gender Inequality Index,179.419,1998
UGA,Uganda,abr,"Adolescent Birth Rate (births per 1,000 women ages 15-19)",GII,Gender Inequality Index,175.177,1999
UGA,Uganda,abr,"Adolescent Birth Rate (births per 1,000 women ages 15-19)",GII,Gender Inequality Index,169.238,2000
UGA,Uganda,abr,"Adolescent Birth Rate (births per 1,000 women ages 15-19)",GII,Gender Inequality Index,164.968,2001
UGA,Uganda,abr,"Adolescent Birth Rate (births per 1,000 women ages 15-19)",GII,Gender Inequality Index,159.574,2002
UGA,Uganda,abr,"Adolescent Birth Rate (births per 1,000 women ages 15-19)",GII,Gender Inequality Index,153.725,2003
UGA,Uganda,abr,"Adolescent Birth Rate (births per 1,000 women ages 15-19)",GII,Gender Inequality Index,151.566,2004
UGA,Uganda,abr,"Adolescent Birth Rate (births per 1,000 women ages 15-19)",GII,Gender Inequality Index,147.624,2005
UGA,Uganda,abr,"Adolescent Birth Rate (births per 1,000 women ages 15-19)",GII,Gender Inequality Index,146.457,2006
UGA,Uganda,abr,"Adolescent Birth Rate (births per 1,000 women ages 15-19)",GII,Gender Inequality Index,144.05,2007
UGA,Uganda,abr,"Adolescent Birth Rate (births per 1,000 women ages 15-19)",GII,Gender Inequality Index,139.763,2008
UGA,Uganda,abr,"Adolescent Birth Rate (births per 1,000 women ages 15-19)",GII,Gender Inequality Index,135.999,2009
UGA,Uganda,abr,"Adolescent Birth Rate (births per 1,000 women ages 15-19)",GII,Gender Inequality Index,132.525,2010
UGA,Uganda,abr,"Adolescent Birth Rate (births per 1,000 women ages 15-19)",GII,Gender Inequality Index,132.519,2011
UGA,Uganda,abr,"Adolescent Birth Rate (births per 1,000 women ages 15-19)",GII,Gender Inequality Index,132.2,2012
UGA,Uganda,abr,"Adolescent Birth Rate (births per 1,000 women ages 15-19)",GII,Gender Inequality Index,130.443,2013
UGA,Uganda,abr,"Adolescent Birth Rate (births per 1,000 women ages 15-19)",GII,Gender Inequality Index,128.09,2014
UGA,Uganda,abr,"Adolescent Birth Rate (births per 1,000 women ages 15-19)",GII,Gender Inequality Index,126.116,2015
UGA,Uganda,abr,"Adolescent Birth Rate (births per 1,000 women ages 15-19)",GII,Gender Inequality Index,121.568,2016
UGA,Uganda,abr,"Adolescent Birth Rate (births per 1,000 women ages 15-19)",GII,Gender Inequality Index,118.53,2017
UGA,Uganda,abr,"Adolescent Birth Rate (births per 1,000 women ages 15-19)",GII,Gender Inequality Index,117.279,2018
UGA,Uganda,abr,"Adolescent Birth Rate (births per 1,000 women ages 15-19)",GII,Gender Inequality Index,114.989,2019
UGA,Uganda,abr,"Adolescent Birth Rate (births per 1,000 women ages 15-19)",GII,Gender Inequality Index,112.94,2020
UGA,Uganda,abr,"Adolescent Birth Rate (births per 1,000 women ages 15-19)",GII,Gender Inequality Index,110.964,2021
UGA,Uganda,abr,"Adolescent Birth Rate (births per 1,000 women ages 15-19)",GII,Gender Inequality Index,108.697,2022
UGA,Uganda,abr,"Adolescent Birth Rate (births per 1,000 women ages 15-19)",GII,Gender Inequality Index,106.954,2023
UGA,Uganda,assets,Contribution of Assets to MPI (%),MPI,Multidimensional Poverty Index,5.214,2016
UGA,Uganda,child_mortality,Contribution of Child mortality to MPI (%),MPI,Multidimensional Poverty Index,3.173,2016
UGA,Uganda,co2_prod,Carbon dioxide emissions per capita (production) (tonnes),PHDI,Planetary pressures–adjusted Human Development Index,0.043,1990
UGA,Uganda,co2_prod,Carbon dioxide emissions per capita (production) (tonnes),PHDI,Planetary pressures–adjusted Human Development Index,0.043,1991
UGA,Uganda,co2_prod,Carbon dioxide emissions per capita (production) (tonnes),PHDI,Planetary pressures–adjusted Human Development Index,0.042,1992
UGA,Uganda,co2_prod,Carbon dioxide emissions per capita (production) (tonnes),PHDI,Planetary pressures–adjusted Human Development Index,0.041,1993
UGA,Uganda,co2_prod,Carbon dioxide emissions per capita (production) (tonnes),PHDI,Planetary pressures–adjusted Human Development Index,0.035,1994
UGA,Uganda,co2_prod,Carbon dioxide emissions per capita (production) (tonnes),PHDI,Planetary pressures–adjusted Human Development Index,0.045,1995
UGA,Uganda,co2_prod,Carbon dioxide emissions per capita (production) (tonnes),PHDI,Planetary pressures–adjusted Human Development Index,0.048,1996
UGA,Uganda,co2_prod,Carbon dioxide emissions per capita (production) (tonnes),PHDI,Planetary pressures–adjusted Human Development Index,0.049,1997
UGA,Uganda,co2_prod,Carbon dioxide emissions per capita (production) (tonnes),PHDI,Planetary pressures–adjusted Human Development Index,0.054,1998
UGA,Uganda,co2_prod,Carbon dioxide emissions per capita (production) (tonnes),PHDI,Planetary pressures–adjusted Human Development Index,0.054,1999
UGA,Uganda,co2_prod,Carbon dioxide emissions per capita (production) (tonnes),PHDI,Planetary pressures–adjusted Human Development Index,0.057,2000
UGA,Uganda,co2_prod,Carbon dioxide emissions per capita (production) (tonnes),PHDI,Planetary pressures–adjusted Human Development Index,0.057,2001
UGA,Uganda,co2_prod,Carbon dioxide emissions per capita (production) (tonnes),PHDI,Planetary pressures–adjusted Human Development Index,0.057,2002
UGA,Uganda,co2_prod,Carbon dioxide emissions per capita (production) (tonnes),PHDI,Planetary pressures–adjusted Human Development Index,0.057,2003
UGA,Uganda,co2_prod,Carbon dioxide emissions per capita (production) (tonnes),PHDI,Planetary pressures–adjusted Human Development Index,0.059,2004
UGA,Uganda,co2_prod,Carbon dioxide emissions per capita (production) (tonnes),PHDI,Planetary pressures–adjusted Human Development Index,0.072,2005
UGA,Uganda,co2_prod,Carbon dioxide emissions per capita (production) (tonnes),PHDI,Planetary pressures–adjusted Human Development Index,0.083,2006
UGA,Uganda,co2_prod,Carbon dioxide emissions per capita (production) (tonnes),PHDI,Planetary pressures–adjusted Human Development Index,0.091,2007
UGA,Uganda,co2_prod,Carbon dioxide emissions per capita (production) (tonnes),PHDI,Planetary pressures–adjusted Human Development Index,0.091,2008
UGA,Uganda,co2_prod,Carbon dioxide emissions per capita (production) (tonnes),PHDI,Planetary pressures–adjusted Human Development Index,0.095,2009
UGA,Uganda,co2_prod,Carbon dioxide emissions per capita (production) (tonnes),PHDI,Planetary pressures–adjusted Human Development Index,0.110,2010
UGA,Uganda,co2_prod,Carbon dioxide emissions per capita (production) (tonnes),PHDI,Planetary pressures–adjusted Human Development Index,0.115,2011
UGA,Uganda,co2_prod,Carbon dioxide emissions per capita (production) (tonnes),PHDI,Planetary pressures–adjusted Human Development Index,0.106,2012
UGA,Uganda,co2_prod,Carbon dioxide emissions per capita (production) (tonnes),PHDI,Planetary pressures–adjusted Human Development Index,0.106,2013
UGA,Uganda,co2_prod,Carbon dioxide emissions per capita (production) (tonnes),PHDI,Planetary pressures–adjusted Human Development Index,0.113,2014
UGA,Uganda,co2_prod,Carbon dioxide emissions per capita (production) (tonnes),PHDI,Planetary pressures–adjusted Human Development Index,0.121,2015
UGA,Uganda,co2_prod,Carbon dioxide emissions per capita (production) (tonnes),PHDI,Planetary pressures–adjusted Human Development Index,0.124,2016
UGA,Uganda,co2_prod,Carbon dioxide emissions per capita (production) (tonnes),PHDI,Planetary pressures–adjusted Human Development Index,0.135,2017
UGA,Uganda,co2_prod,Carbon dioxide emissions per capita (production) (tonnes),PHDI,Planetary pressures–adjusted Human Development Index,0.134,2018
UGA,Uganda,co2_prod,Carbon dioxide emissions per capita (production) (tonnes),PHDI,Planetary pressures–adjusted Human Development Index,0.134,2019
UGA,Uganda,co2_prod,Carbon dioxide emissions per capita (production) (tonnes),PHDI,Planetary pressures–adjusted Human Development Index,0.125,2020
UGA,Uganda,co2_prod,Carbon dioxide emissions per capita (production) (tonnes),PHDI,Planetary pressures–adjusted Human Development Index,0.134,2021
UGA,Uganda,co2_prod,Carbon dioxide emissions per capita (production) (tonnes),PHDI,Planetary pressures–adjusted Human Development Index,0.119,2022
UGA,Uganda,co2_prod,Carbon dioxide emissions per capita (production) (tonnes),PHDI,Planetary pressures–adjusted Human Development Index,0.116,2023
UGA,Uganda,coef_ineq,Coefficient of human inequality,IHDI,Inequality-adjusted Human Development Index,36.029,2010
UGA,Uganda,coef_ineq,Coefficient of human inequality,IHDI,Inequality-adjusted Human Development Index,34.684,2011
UGA,Uganda,coef_ineq,Coefficient of human inequality,IHDI,Inequality-adjusted Human Development Index,34.307,2012
UGA,Uganda,coef_ineq,Coefficient of human inequality,IHDI,Inequality-adjusted Human Development Index,32.957,2013
UGA,Uganda,coef_ineq,Coefficient of human inequality,IHDI,Inequality-adjusted Human Development Index,32.641,2014
UGA,Uganda,coef_ineq,Coefficient of human inequality,IHDI,Inequality-adjusted Human Development Index,32.340,2015
UGA,Uganda,coef_ineq,Coefficient of human inequality,IHDI,Inequality-adjusted Human Development Index,31.501,2016
UGA,Uganda,coef_ineq,Coefficient of human inequality,IHDI,Inequality-adjusted Human Development Index,31.661,2017
UGA,Uganda,coef_ineq,Coefficient of human inequality,IHDI,Inequality-adjusted Human Development Index,31.373,2018
UGA,Uganda,coef_ineq,Coefficient of human inequality,IHDI,Inequality-adjusted Human Development Index,31.179,2019
UGA,Uganda,coef_ineq,Coefficient of human inequality,IHDI,Inequality-adjusted Human Development Index,31.006,2020
UGA,Uganda,coef_ineq,Coefficient of human inequality,IHDI,Inequality-adjusted Human Development Index,30.883,2021
UGA,Uganda,coef_ineq,Coefficient of human inequality,IHDI,Inequality-adjusted Human Development Index,30.799,2022
UGA,Uganda,coef_ineq,Coefficient of human inequality,IHDI,Inequality-adjusted Human Development Index,30.556,2023
UGA,Uganda,cooking_fuel,Contribution of Cooking fuel to MPI (%),MPI,Multidimensional Poverty Index,11.237,2016
UGA,Uganda,diff_hdi_phdi,Difference from HDI value (%),PHDI,Planetary pressures–adjusted Human Development Index,2.047,1990
UGA,Uganda,diff_hdi_phdi,Difference from HDI value (%),PHDI,Planetary pressures–adjusted Human Development Index,1.739,1991
UGA,Uganda,diff_hdi_phdi,Difference from HDI value (%),PHDI,Planetary pressures–adjusted Human Development Index,1.770,1992
UGA,Uganda,diff_hdi_phdi,Difference from HDI value (%),PHDI,Planetary pressures–adjusted Human Development Index,2.017,1993
UGA,Uganda,diff_hdi_phdi,Difference from HDI value (%),PHDI,Planetary pressures–adjusted Human Development Index,2,1994
UGA,Uganda,diff_hdi_phdi,Difference from HDI value (%),PHDI,Planetary pressures–adjusted Human Development Index,1.966,1995
UGA,Uganda,diff_hdi_phdi,Difference from HDI value (%),PHDI,Planetary pressures–adjusted Human Development Index,1.907,1996
UGA,Uganda,diff_hdi_phdi,Difference from HDI value (%),PHDI,Planetary pressures–adjusted Human Development Index,1.862,1997
UGA,Uganda,diff_hdi_phdi,Difference from HDI value (%),PHDI,Planetary pressures–adjusted Human Development Index,2.073,1998
UGA,Uganda,diff_hdi_phdi,Difference from HDI value (%),PHDI,Planetary pressures–adjusted Human Development Index,2.261,1999
UGA,Uganda,diff_hdi_phdi,Difference from HDI value (%),PHDI,Planetary pressures–adjusted Human Development Index,1.966,2000
UGA,Uganda,diff_hdi_phdi,Difference from HDI value (%),PHDI,Planetary pressures–adjusted Human Development Index,1.914,2001
UGA,Uganda,diff_hdi_phdi,Difference from HDI value (%),PHDI,Planetary pressures–adjusted Human Development Index,2.083,2002
UGA,Uganda,diff_hdi_phdi,Difference from HDI value (%),PHDI,Planetary pressures–adjusted Human Development Index,2.018,2003
UGA,Uganda,diff_hdi_phdi,Difference from HDI value (%),PHDI,Planetary pressures–adjusted Human Development Index,1.952,2004
UGA,Uganda,diff_hdi_phdi,Difference from HDI value (%),PHDI,Planetary pressures–adjusted Human Development Index,1.915,2005
UGA,Uganda,diff_hdi_phdi,Difference from HDI value (%),PHDI,Planetary pressures–adjusted Human Development Index,1.871,2006
UGA,Uganda,diff_hdi_phdi,Difference from HDI value (%),PHDI,Planetary pressures–adjusted Human Development Index,2.033,2007
UGA,Uganda,diff_hdi_phdi,Difference from HDI value (%),PHDI,Planetary pressures–adjusted Human Development Index,1.992,2008
UGA,Uganda,diff_hdi_phdi,Difference from HDI value (%),PHDI,Planetary pressures–adjusted Human Development Index,2.358,2009
UGA,Uganda,diff_hdi_phdi,Difference from HDI value (%),PHDI,Planetary pressures–adjusted Human Development Index,2.335,2010
UGA,Uganda,diff_hdi_phdi,Difference from HDI value (%),PHDI,Planetary pressures–adjusted Human Development Index,2.299,2011
UGA,Uganda,diff_hdi_phdi,Difference from HDI value (%),PHDI,Planetary pressures–adjusted Human Development Index,2.091,2012
UGA,Uganda,diff_hdi_phdi,Difference from HDI value (%),PHDI,Planetary pressures–adjusted Human Development Index,2.068,2013
UGA,Uganda,diff_hdi_phdi,Difference from HDI value (%),PHDI,Planetary pressures–adjusted Human Development Index,2.226,2014
UGA,Uganda,diff_hdi_phdi,Difference from HDI value (%),PHDI,Planetary pressures–adjusted Human Development Index,2.011,2015
UGA,Uganda,diff_hdi_phdi,Difference from HDI value (%),PHDI,Planetary pressures–adjusted Human Development Index,1.808,2016
UGA,Uganda,diff_hdi_phdi,Difference from HDI value (%),PHDI,Planetary pressures–adjusted Human Development Index,1.975,2017
UGA,Uganda,diff_hdi_phdi,Difference from HDI value (%),PHDI,Planetary pressures–adjusted Human Development Index,2.131,2018
UGA,Uganda,diff_hdi_phdi,Difference from HDI value (%),PHDI,Planetary pressures–adjusted Human Development Index,2.109,2019
UGA,Uganda,diff_hdi_phdi,Difference from HDI value (%),PHDI,Planetary pressures–adjusted Human Development Index,2.452,2020
UGA,Uganda,diff_hdi_phdi,Difference from HDI value (%),PHDI,Planetary pressures–adjusted Human Development Index,2.269,2021
UGA,Uganda,diff_hdi_phdi,Difference from HDI value (%),PHDI,Planetary pressures–adjusted Human Development Index,2.249,2022
UGA,Uganda,diff_hdi_phdi,Difference from HDI value (%),PHDI,Planetary pressures–adjusted Human Development Index,2.234,2023
UGA,Uganda,drinking_water,Contribution of Drinking water to MPI (%),MPI,Multidimensional Poverty Index,8.288,2016
UGA,Uganda,electricity,Contribution of Electricity to MPI (%),MPI,Multidimensional Poverty Index,9.929,2016
UGA,Uganda,eys,Expected Years of Schooling (years),HDI,Human Development Index,5.745,1990
UGA,Uganda,eys,Expected Years of Schooling (years),HDI,Human Development Index,5.767,1991
UGA,Uganda,eys,Expected Years of Schooling (years),HDI,Human Development Index,5.243,1992
UGA,Uganda,eys,Expected Years of Schooling (years),HDI,Human Development Index,5.567,1993
UGA,Uganda,eys,Expected Years of Schooling (years),HDI,Human Development Index,5.591,1994
UGA,Uganda,eys,Expected Years of Schooling (years),HDI,Human Development Index,5.622,1995
UGA,Uganda,eys,Expected Years of Schooling (years),HDI,Human Development Index,6.180,1996
UGA,Uganda,eys,Expected Years of Schooling (years),HDI,Human Development Index,6.737,1997
UGA,Uganda,eys,Expected Years of Schooling (years),HDI,Human Development Index,7.295,1998
UGA,Uganda,eys,Expected Years of Schooling (years),HDI,Human Development Index,7.852,1999
UGA,Uganda,eys,Expected Years of Schooling (years),HDI,Human Development Index,8.410,2000
UGA,Uganda,eys,Expected Years of Schooling (years),HDI,Human Development Index,8.968,2001
UGA,Uganda,eys,Expected Years of Schooling (years),HDI,Human Development Index,9.525,2002
UGA,Uganda,eys,Expected Years of Schooling (years),HDI,Human Development Index,10.083,2003
UGA,Uganda,eys,Expected Years of Schooling (years),HDI,Human Development Index,10.640,2004
UGA,Uganda,eys,Expected Years of Schooling (years),HDI,Human Development Index,10.609,2005
UGA,Uganda,eys,Expected Years of Schooling (years),HDI,Human Development Index,10.578,2006
UGA,Uganda,eys,Expected Years of Schooling (years),HDI,Human Development Index,10.642,2007
UGA,Uganda,eys,Expected Years of Schooling (years),HDI,Human Development Index,10.705,2008
UGA,Uganda,eys,Expected Years of Schooling (years),HDI,Human Development Index,10.769,2009
UGA,Uganda,eys,Expected Years of Schooling (years),HDI,Human Development Index,10.833,2010
UGA,Uganda,eys,Expected Years of Schooling (years),HDI,Human Development Index,10.897,2011
UGA,Uganda,eys,Expected Years of Schooling (years),HDI,Human Development Index,10.962,2012
UGA,Uganda,eys,Expected Years of Schooling (years),HDI,Human Development Index,11.027,2013
UGA,Uganda,eys,Expected Years of Schooling (years),HDI,Human Development Index,11.093,2014
UGA,Uganda,eys,Expected Years of Schooling (years),HDI,Human Development Index,11.159,2015
UGA,Uganda,eys,Expected Years of Schooling (years),HDI,Human Development Index,11.226,2016
UGA,Uganda,eys,Expected Years of Schooling (years),HDI,Human Development Index,11.292,2017
UGA,Uganda,eys,Expected Years of Schooling (years),HDI,Human Development Index,11.360,2018
UGA,Uganda,eys,Expected Years of Schooling (years),HDI,Human Development Index,11.427,2019
UGA,Uganda,eys,Expected Years of Schooling (years),HDI,Human Development Index,11.496,2020
UGA,Uganda,eys,Expected Years of Schooling (years),HDI,Human Development Index,11.564,2021
UGA,Uganda,eys,Expected Years of Schooling (years),HDI,Human Development Index,11.564,2022
UGA,Uganda,eys,Expected Years of Schooling (years),HDI,Human Development Index,11.564,2023
UGA,Uganda,eys_f,"Expected Years of Schooling, female (years)",GDI,Gender Development Index,4.940,1990
UGA,Uganda,eys_f,"Expected Years of Schooling, female (years)",GDI,Gender Development Index,4.702,1991
UGA,Uganda,eys_f,"Expected Years of Schooling, female (years)",GDI,Gender Development Index,4.464,1992
UGA,Uganda,eys_f,"Expected Years of Schooling, female (years)",GDI,Gender Development Index,4.824,1993
UGA,Uganda,eys_f,"Expected Years of Schooling, female (years)",GDI,Gender Development Index,5.185,1994
UGA,Uganda,eys_f,"Expected Years of Schooling, female (years)",GDI,Gender Development Index,5.214,1995
UGA,Uganda,eys_f,"Expected Years of Schooling, female (years)",GDI,Gender Development Index,5.731,1996
UGA,Uganda,eys_f,"Expected Years of Schooling, female (years)",GDI,Gender Development Index,6.709,1997
UGA,Uganda,eys_f,"Expected Years of Schooling, female (years)",GDI,Gender Development Index,7.216,1998
UGA,Uganda,eys_f,"Expected Years of Schooling, female (years)",GDI,Gender Development Index,7.724,1999
UGA,Uganda,eys_f,"Expected Years of Schooling, female (years)",GDI,Gender Development Index,8.232,2000
UGA,Uganda,eys_f,"Expected Years of Schooling, female (years)",GDI,Gender Development Index,8.740,2001
UGA,Uganda,eys_f,"Expected Years of Schooling, female (years)",GDI,Gender Development Index,9.247,2002
UGA,Uganda,eys_f,"Expected Years of Schooling, female (years)",GDI,Gender Development Index,9.755,2003
UGA,Uganda,eys_f,"Expected Years of Schooling, female (years)",GDI,Gender Development Index,10.263,2004
UGA,Uganda,eys_f,"Expected Years of Schooling, female (years)",GDI,Gender Development Index,10.277,2005
UGA,Uganda,eys_f,"Expected Years of Schooling, female (years)",GDI,Gender Development Index,10.291,2006
UGA,Uganda,eys_f,"Expected Years of Schooling, female (years)",GDI,Gender Development Index,10.350,2007
UGA,Uganda,eys_f,"Expected Years of Schooling, female (years)",GDI,Gender Development Index,10.410,2008
UGA,Uganda,eys_f,"Expected Years of Schooling, female (years)",GDI,Gender Development Index,10.469,2009
UGA,Uganda,eys_f,"Expected Years of Schooling, female (years)",GDI,Gender Development Index,10.529,2010
UGA,Uganda,eys_f,"Expected Years of Schooling, female (years)",GDI,Gender Development Index,10.588,2011
UGA,Uganda,eys_f,"Expected Years of Schooling, female (years)",GDI,Gender Development Index,10.649,2012
UGA,Uganda,eys_f,"Expected Years of Schooling, female (years)",GDI,Gender Development Index,10.710,2013
UGA,Uganda,eys_f,"Expected Years of Schooling, female (years)",GDI,Gender Development Index,10.771,2014
UGA,Uganda,eys_f,"Expected Years of Schooling, female (years)",GDI,Gender Development Index,10.832,2015
UGA,Uganda,eys_f,"Expected Years of Schooling, female (years)",GDI,Gender Development Index,10.894,2016
UGA,Uganda,eys_f,"Expected Years of Schooling, female (years)",GDI,Gender Development Index,10.957,2017
UGA,Uganda,eys_f,"Expected Years of Schooling, female (years)",GDI,Gender Development Index,11.019,2018
UGA,Uganda,eys_f,"Expected Years of Schooling, female (years)",GDI,Gender Development Index,11.082,2019
UGA,Uganda,eys_f,"Expected Years of Schooling, female (years)",GDI,Gender Development Index,11.146,2020
UGA,Uganda,eys_f,"Expected Years of Schooling, female (years)",GDI,Gender Development Index,11.209,2021
UGA,Uganda,eys_f,"Expected Years of Schooling, female (years)",GDI,Gender Development Index,11.209,2022
UGA,Uganda,eys_f,"Expected Years of Schooling, female (years)",GDI,Gender Development Index,11.209,2023
UGA,Uganda,eys_m,"Expected Years of Schooling, male (years)",GDI,Gender Development Index,6.562,1990
UGA,Uganda,eys_m,"Expected Years of Schooling, male (years)",GDI,Gender Development Index,6.298,1991
UGA,Uganda,eys_m,"Expected Years of Schooling, male (years)",GDI,Gender Development Index,6.034,1992
UGA,Uganda,eys_m,"Expected Years of Schooling, male (years)",GDI,Gender Development Index,6.018,1993
UGA,Uganda,eys_m,"Expected Years of Schooling, male (years)",GDI,Gender Development Index,6.003,1994
UGA,Uganda,eys_m,"Expected Years of Schooling, male (years)",GDI,Gender Development Index,6.036,1995
UGA,Uganda,eys_m,"Expected Years of Schooling, male (years)",GDI,Gender Development Index,6.635,1996
UGA,Uganda,eys_m,"Expected Years of Schooling, male (years)",GDI,Gender Development Index,7.509,1997
UGA,Uganda,eys_m,"Expected Years of Schooling, male (years)",GDI,Gender Development Index,8.011,1998
UGA,Uganda,eys_m,"Expected Years of Schooling, male (years)",GDI,Gender Development Index,8.514,1999
UGA,Uganda,eys_m,"Expected Years of Schooling, male (years)",GDI,Gender Development Index,9.016,2000
UGA,Uganda,eys_m,"Expected Years of Schooling, male (years)",GDI,Gender Development Index,9.518,2001
UGA,Uganda,eys_m,"Expected Years of Schooling, male (years)",GDI,Gender Development Index,10.020,2002
UGA,Uganda,eys_m,"Expected Years of Schooling, male (years)",GDI,Gender Development Index,10.522,2003
UGA,Uganda,eys_m,"Expected Years of Schooling, male (years)",GDI,Gender Development Index,11.025,2004
UGA,Uganda,eys_m,"Expected Years of Schooling, male (years)",GDI,Gender Development Index,10.932,2005
UGA,Uganda,eys_m,"Expected Years of Schooling, male (years)",GDI,Gender Development Index,10.840,2006
UGA,Uganda,eys_m,"Expected Years of Schooling, male (years)",GDI,Gender Development Index,10.913,2007
UGA,Uganda,eys_m,"Expected Years of Schooling, male (years)",GDI,Gender Development Index,10.986,2008
UGA,Uganda,eys_m,"Expected Years of Schooling, male (years)",GDI,Gender Development Index,11.059,2009
UGA,Uganda,eys_m,"Expected Years of Schooling, male (years)",GDI,Gender Development Index,11.132,2010
UGA,Uganda,eys_m,"Expected Years of Schooling, male (years)",GDI,Gender Development Index,11.205,2011
UGA,Uganda,eys_m,"Expected Years of Schooling, male (years)",GDI,Gender Development Index,11.279,2012
UGA,Uganda,eys_m,"Expected Years of Schooling, male (years)",GDI,Gender Development Index,11.354,2013
UGA,Uganda,eys_m,"Expected Years of Schooling, male (years)",GDI,Gender Development Index,11.430,2014
UGA,Uganda,eys_m,"Expected Years of Schooling, male (years)",GDI,Gender Development Index,11.506,2015
UGA,Uganda,eys_m,"Expected Years of Schooling, male (years)",GDI,Gender Development Index,11.582,2016
UGA,Uganda,eys_m,"Expected Years of Schooling, male (years)",GDI,Gender Development Index,11.659,2017
UGA,Uganda,eys_m,"Expected Years of Schooling, male (years)",GDI,Gender Development Index,11.737,2018
UGA,Uganda,eys_m,"Expected Years of Schooling, male (years)",GDI,Gender Development Index,11.815,2019
UGA,Uganda,eys_m,"Expected Years of Schooling, male (years)",GDI,Gender Development Index,11.894,2020
UGA,Uganda,eys_m,"Expected Years of Schooling, male (years)",GDI,Gender Development Index,11.973,2021
UGA,Uganda,eys_m,"Expected Years of Schooling, male (years)",GDI,Gender Development Index,11.973,2022
UGA,Uganda,eys_m,"Expected Years of Schooling, male (years)",GDI,Gender Development Index,11.973,2023
UGA,Uganda,gdi_group,GDI Group,GDI,Gender Development Index,4,2023
UGA,Uganda,gii_rank,GII Rank,GII,Gender Inequality Index,141,2023
UGA,Uganda,gni_pc_f,"Gross National Income Per Capita, female (2021 PPP$)",GDI,Gender Development Index,1267.539,2000
UGA,Uganda,gni_pc_f,"Gross National Income Per Capita, female (2021 PPP$)",GDI,Gender Development Index,1276.18,2001
UGA,Uganda,gni_pc_f,"Gross National Income Per Capita, female (2021 PPP$)",GDI,Gender Development Index,1145.458,2002
UGA,Uganda,gni_pc_f,"Gross National Income Per Capita, female (2021 PPP$)",GDI,Gender Development Index,1383.402,2003
UGA,Uganda,gni_pc_f,"Gross National Income Per Capita, female (2021 PPP$)",GDI,Gender Development Index,1426.600,2004
UGA,Uganda,gni_pc_f,"Gross National Income Per Capita, female (2021 PPP$)",GDI,Gender Development Index,1014.822,2005
UGA,Uganda,gni_pc_f,"Gross National Income Per Capita, female (2021 PPP$)",GDI,Gender Development Index,1593.173,2006
UGA,Uganda,gni_pc_f,"Gross National Income Per Capita, female (2021 PPP$)",GDI,Gender Development Index,1687.350,2007
UGA,Uganda,gni_pc_f,"Gross National Income Per Capita, female (2021 PPP$)",GDI,Gender Development Index,1784.733,2008
UGA,Uganda,gni_pc_f,"Gross National Income Per Capita, female (2021 PPP$)",GDI,Gender Development Index,1906.969,2009
UGA,Uganda,gni_pc_f,"Gross National Income Per Capita, female (2021 PPP$)",GDI,Gender Development Index,1704.258,2010
UGA,Uganda,gni_pc_f,"Gross National Income Per Capita, female (2021 PPP$)",GDI,Gender Development Index,2047.322,2011
UGA,Uganda,gni_pc_f,"Gross National Income Per Capita, female (2021 PPP$)",GDI,Gender Development Index,1721.826,2012
UGA,Uganda,gni_pc_f,"Gross National Income Per Capita, female (2021 PPP$)",GDI,Gender Development Index,2138.873,2013
UGA,Uganda,gni_pc_f,"Gross National Income Per Capita, female (2021 PPP$)",GDI,Gender Development Index,2284.752,2014
UGA,Uganda,gni_pc_f,"Gross National Income Per Capita, female (2021 PPP$)",GDI,Gender Development Index,2209.936,2015
UGA,Uganda,gni_pc_f,"Gross National Income Per Capita, female (2021 PPP$)",GDI,Gender Development Index,2263.262,2016
UGA,Uganda,gni_pc_f,"Gross National Income Per Capita, female (2021 PPP$)",GDI,Gender Development Index,2003.737,2017
UGA,Uganda,gni_pc_f,"Gross National Income Per Capita, female (2021 PPP$)",GDI,Gender Development Index,2192.093,2018
UGA,Uganda,gni_pc_f,"Gross National Income Per Capita, female (2021 PPP$)",GDI,Gender Development Index,2347.147,2019
UGA,Uganda,gni_pc_f,"Gross National Income Per Capita, female (2021 PPP$)",GDI,Gender Development Index,2235.984,2020
UGA,Uganda,gni_pc_f,"Gross National Income Per Capita, female (2021 PPP$)",GDI,Gender Development Index,1797.650,2021
UGA,Uganda,gni_pc_f,"Gross National Income Per Capita, female (2021 PPP$)",GDI,Gender Development Index,2223.996,2022
UGA,Uganda,gni_pc_f,"Gross National Income Per Capita, female (2021 PPP$)",GDI,Gender Development Index,2279.774,2023
UGA,Uganda,gni_pc_m,"Gross National Income Per Capita, male (2021 PPP$)",GDI,Gender Development Index,1662.236,2000
UGA,Uganda,gni_pc_m,"Gross National Income Per Capita, male (2021 PPP$)",GDI,Gender Development Index,1674.140,2001
UGA,Uganda,gni_pc_m,"Gross National Income Per Capita, male (2021 PPP$)",GDI,Gender Development Index,2001.510,2002
UGA,Uganda,gni_pc_m,"Gross National Income Per Capita, male (2021 PPP$)",GDI,Gender Development Index,1860.576,2003
UGA,Uganda,gni_pc_m,"Gross National Income Per Capita, male (2021 PPP$)",GDI,Gender Development Index,1915.929,2004
UGA,Uganda,gni_pc_m,"Gross National Income Per Capita, male (2021 PPP$)",GDI,Gender Development Index,2443.820,2005
UGA,Uganda,gni_pc_m,"Gross National Income Per Capita, male (2021 PPP$)",GDI,Gender Development Index,2129.112,2006
UGA,Uganda,gni_pc_m,"Gross National Income Per Capita, male (2021 PPP$)",GDI,Gender Development Index,2252.346,2007
UGA,Uganda,gni_pc_m,"Gross National Income Per Capita, male (2021 PPP$)",GDI,Gender Development Index,2379.417,2008
UGA,Uganda,gni_pc_m,"Gross National Income Per Capita, male (2021 PPP$)",GDI,Gender Development Index,2418.189,2009
UGA,Uganda,gni_pc_m,"Gross National Income Per Capita, male (2021 PPP$)",GDI,Gender Development Index,2737.369,2010
UGA,Uganda,gni_pc_m,"Gross National Income Per Capita, male (2021 PPP$)",GDI,Gender Development Index,2671.341,2011
UGA,Uganda,gni_pc_m,"Gross National Income Per Capita, male (2021 PPP$)",GDI,Gender Development Index,3018.990,2012
UGA,Uganda,gni_pc_m,"Gross National Income Per Capita, male (2021 PPP$)",GDI,Gender Development Index,2617.833,2013
UGA,Uganda,gni_pc_m,"Gross National Income Per Capita, male (2021 PPP$)",GDI,Gender Development Index,2557.516,2014
UGA,Uganda,gni_pc_m,"Gross National Income Per Capita, male (2021 PPP$)",GDI,Gender Development Index,2751.808,2015
UGA,Uganda,gni_pc_m,"Gross National Income Per Capita, male (2021 PPP$)",GDI,Gender Development Index,2771.136,2016
UGA,Uganda,gni_pc_m,"Gross National Income Per Capita, male (2021 PPP$)",GDI,Gender Development Index,2984.827,2017
UGA,Uganda,gni_pc_m,"Gross National Income Per Capita, male (2021 PPP$)",GDI,Gender Development Index,2903.748,2018
UGA,Uganda,gni_pc_m,"Gross National Income Per Capita, male (2021 PPP$)",GDI,Gender Development Index,2904.591,2019
UGA,Uganda,gni_pc_m,"Gross National Income Per Capita, male (2021 PPP$)",GDI,Gender Development Index,3025.459,2020
UGA,Uganda,gni_pc_m,"Gross National Income Per Capita, male (2021 PPP$)",GDI,Gender Development Index,3476.468,2021
UGA,Uganda,gni_pc_m,"Gross National Income Per Capita, male (2021 PPP$)",GDI,Gender Development Index,3123.011,2022
UGA,Uganda,gni_pc_m,"Gross National Income Per Capita, male (2021 PPP$)",GDI,Gender Development Index,3200.833,2023
UGA,Uganda,gnipc,Gross National Income Per Capita (2021 PPP$),HDI,Human Development Index,1060.146,1990
UGA,Uganda,gnipc,Gross National Income Per Capita (2021 PPP$),HDI,Human Development Index,1084.101,1991
UGA,Uganda,gnipc,Gross National Income Per Capita (2021 PPP$),HDI,Human Development Index,1070.177,1992
UGA,Uganda,gnipc,Gross National Income Per Capita (2021 PPP$),HDI,Human Development Index,1136.063,1993
UGA,Uganda,gnipc,Gross National Income Per Capita (2021 PPP$),HDI,Human Development Index,1168.584,1994
UGA,Uganda,gnipc,Gross National Income Per Capita (2021 PPP$),HDI,Human Development Index,1274.317,1995
UGA,Uganda,gnipc,Gross National Income Per Capita (2021 PPP$),HDI,Human Development Index,1356.896,1996
UGA,Uganda,gnipc,Gross National Income Per Capita (2021 PPP$),HDI,Human Development Index,1392.429,1997
UGA,Uganda,gnipc,Gross National Income Per Capita (2021 PPP$),HDI,Human Development Index,1420.059,1998
UGA,Uganda,gnipc,Gross National Income Per Capita (2021 PPP$),HDI,Human Development Index,1483.975,1999
UGA,Uganda,gnipc,Gross National Income Per Capita (2021 PPP$),HDI,Human Development Index,1461.472,2000
UGA,Uganda,gnipc,Gross National Income Per Capita (2021 PPP$),HDI,Human Development Index,1471.802,2001
UGA,Uganda,gnipc,Gross National Income Per Capita (2021 PPP$),HDI,Human Development Index,1566.431,2002
UGA,Uganda,gnipc,Gross National Income Per Capita (2021 PPP$),HDI,Human Development Index,1618.141,2003
UGA,Uganda,gnipc,Gross National Income Per Capita (2021 PPP$),HDI,Human Development Index,1667.396,2004
UGA,Uganda,gnipc,Gross National Income Per Capita (2021 PPP$),HDI,Human Development Index,1718.253,2005
UGA,Uganda,gnipc,Gross National Income Per Capita (2021 PPP$),HDI,Human Development Index,1857.083,2006
UGA,Uganda,gnipc,Gross National Income Per Capita (2021 PPP$),HDI,Human Development Index,1965.677,2007
UGA,Uganda,gnipc,Gross National Income Per Capita (2021 PPP$),HDI,Human Development Index,2077.807,2008
UGA,Uganda,gnipc,Gross National Income Per Capita (2021 PPP$),HDI,Human Development Index,2159.018,2009
UGA,Uganda,gnipc,Gross National Income Per Capita (2021 PPP$),HDI,Human Development Index,2213.835,2010
UGA,Uganda,gnipc,Gross National Income Per Capita (2021 PPP$),HDI,Human Development Index,2355.249,2011
UGA,Uganda,gnipc,Gross National Income Per Capita (2021 PPP$),HDI,Human Development Index,2362.194,2012
UGA,Uganda,gnipc,Gross National Income Per Capita (2021 PPP$),HDI,Human Development Index,2375.415,2013
UGA,Uganda,gnipc,Gross National Income Per Capita (2021 PPP$),HDI,Human Development Index,2419.515,2014
UGA,Uganda,gnipc,Gross National Income Per Capita (2021 PPP$),HDI,Human Development Index,2477.762,2015
UGA,Uganda,gnipc,Gross National Income Per Capita (2021 PPP$),HDI,Human Development Index,2514.392,2016
UGA,Uganda,gnipc,Gross National Income Per Capita (2021 PPP$),HDI,Human Development Index,2489.072,2017
UGA,Uganda,gnipc,Gross National Income Per Capita (2021 PPP$),HDI,Human Development Index,2544.292,2018
UGA,Uganda,gnipc,Gross National Income Per Capita (2021 PPP$),HDI,Human Development Index,2623.143,2019
UGA,Uganda,gnipc,Gross National Income Per Capita (2021 PPP$),HDI,Human Development Index,2627.007,2020
UGA,Uganda,gnipc,Gross National Income Per Capita (2021 PPP$),HDI,Human Development Index,2629.454,2021
UGA,Uganda,gnipc,Gross National Income Per Capita (2021 PPP$),HDI,Human Development Index,2669.578,2022
UGA,Uganda,gnipc,Gross National Income Per Capita (2021 PPP$),HDI,Human Development Index,2736.410,2023
UGA,Uganda,hdi_f,HDI female,GDI,Gender Development Index,0.382,2000
UGA,Uganda,hdi_f,HDI female,GDI,Gender Development Index,0.393,2001
UGA,Uganda,hdi_f,HDI female,GDI,Gender Development Index,0.398,2002
UGA,Uganda,hdi_f,HDI female,GDI,Gender Development Index,0.422,2003
UGA,Uganda,hdi_f,HDI female,GDI,Gender Development Index,0.438,2004
UGA,Uganda,hdi_f,HDI female,GDI,Gender Development Index,0.428,2005
UGA,Uganda,hdi_f,HDI female,GDI,Gender Development Index,0.463,2006
UGA,Uganda,hdi_f,HDI female,GDI,Gender Development Index,0.476,2007
UGA,Uganda,hdi_f,HDI female,GDI,Gender Development Index,0.488,2008
UGA,Uganda,hdi_f,HDI female,GDI,Gender Development Index,0.493,2009
UGA,Uganda,hdi_f,HDI female,GDI,Gender Development Index,0.488,2010
UGA,Uganda,hdi_f,HDI female,GDI,Gender Development Index,0.499,2011
UGA,Uganda,hdi_f,HDI female,GDI,Gender Development Index,0.490,2012
UGA,Uganda,hdi_f,HDI female,GDI,Gender Development Index,0.509,2013
UGA,Uganda,hdi_f,HDI female,GDI,Gender Development Index,0.520,2014
UGA,Uganda,hdi_f,HDI female,GDI,Gender Development Index,0.524,2015
UGA,Uganda,hdi_f,HDI female,GDI,Gender Development Index,0.532,2016
UGA,Uganda,hdi_f,HDI female,GDI,Gender Development Index,0.529,2017
UGA,Uganda,hdi_f,HDI female,GDI,Gender Development Index,0.539,2018
UGA,Uganda,hdi_f,HDI female,GDI,Gender Development Index,0.547,2019
UGA,Uganda,hdi_f,HDI female,GDI,Gender Development Index,0.546,2020
UGA,Uganda,hdi_f,HDI female,GDI,Gender Development Index,0.534,2021
UGA,Uganda,hdi_f,HDI female,GDI,Gender Development Index,0.552,2022
UGA,Uganda,hdi_f,HDI female,GDI,Gender Development Index,0.556,2023
UGA,Uganda,hdi_m,HDI male,GDI,Gender Development Index,0.436,2000
UGA,Uganda,hdi_m,HDI male,GDI,Gender Development Index,0.446,2001
UGA,Uganda,hdi_m,HDI male,GDI,Gender Development Index,0.465,2002
UGA,Uganda,hdi_m,HDI male,GDI,Gender Development Index,0.470,2003
UGA,Uganda,hdi_m,HDI male,GDI,Gender Development Index,0.483,2004
UGA,Uganda,hdi_m,HDI male,GDI,Gender Development Index,0.500,2005
UGA,Uganda,hdi_m,HDI male,GDI,Gender Development Index,0.498,2006
UGA,Uganda,hdi_m,HDI male,GDI,Gender Development Index,0.506,2007
UGA,Uganda,hdi_m,HDI male,GDI,Gender Development Index,0.514,2008
UGA,Uganda,hdi_m,HDI male,GDI,Gender Development Index,0.523,2009
UGA,Uganda,hdi_m,HDI male,GDI,Gender Development Index,0.537,2010
UGA,Uganda,hdi_m,HDI male,GDI,Gender Development Index,0.544,2011
UGA,Uganda,hdi_m,HDI male,GDI,Gender Development Index,0.558,2012
UGA,Uganda,hdi_m,HDI male,GDI,Gender Development Index,0.556,2013
UGA,Uganda,hdi_m,HDI male,GDI,Gender Development Index,0.560,2014
UGA,Uganda,hdi_m,HDI male,GDI,Gender Development Index,0.570,2015
UGA,Uganda,hdi_m,HDI male,GDI,Gender Development Index,0.576,2016
UGA,Uganda,hdi_m,HDI male,GDI,Gender Development Index,0.585,2017
UGA,Uganda,hdi_m,HDI male,GDI,Gender Development Index,0.588,2018
UGA,Uganda,hdi_m,HDI male,GDI,Gender Development Index,0.593,2019
UGA,Uganda,hdi_m,HDI male,GDI,Gender Development Index,0.597,2020
UGA,Uganda,hdi_m,HDI male,GDI,Gender Development Index,0.609,2021
UGA,Uganda,hdi_m,HDI male,GDI,Gender Development Index,0.608,2022
UGA,Uganda,hdi_m,HDI male,GDI,Gender Development Index,0.612,2023
UGA,Uganda,hdi_rank,HDI Rank,HDI,Human Development Index,157,2023
UGA,Uganda,housing,Contribution of Housing to MPI (%),MPI,Multidimensional Poverty Index,9.825,2016
UGA,Uganda,ineq_edu,Inequality in eduation,IHDI,Inequality-adjusted Human Development Index,32.2,2010
UGA,Uganda,ineq_edu,Inequality in eduation,IHDI,Inequality-adjusted Human Development Index,29.372,2011
UGA,Uganda,ineq_edu,Inequality in eduation,IHDI,Inequality-adjusted Human Development Index,29.372,2012
UGA,Uganda,ineq_edu,Inequality in eduation,IHDI,Inequality-adjusted Human Development Index,29.372,2013
UGA,Uganda,ineq_edu,Inequality in eduation,IHDI,Inequality-adjusted Human Development Index,29.372,2014
UGA,Uganda,ineq_edu,Inequality in eduation,IHDI,Inequality-adjusted Human Development Index,29.372,2015
UGA,Uganda,ineq_edu,Inequality in eduation,IHDI,Inequality-adjusted Human Development Index,27.914,2016
UGA,Uganda,ineq_edu,Inequality in eduation,IHDI,Inequality-adjusted Human Development Index,27.914,2017
UGA,Uganda,ineq_edu,Inequality in eduation,IHDI,Inequality-adjusted Human Development Index,27.914,2018
UGA,Uganda,ineq_edu,Inequality in eduation,IHDI,Inequality-adjusted Human Development Index,27.914,2019
UGA,Uganda,ineq_edu,Inequality in eduation,IHDI,Inequality-adjusted Human Development Index,27.914,2020
UGA,Uganda,ineq_edu,Inequality in eduation,IHDI,Inequality-adjusted Human Development Index,27.914,2021
UGA,Uganda,ineq_edu,Inequality in eduation,IHDI,Inequality-adjusted Human Development Index,27.914,2022
UGA,Uganda,ineq_edu,Inequality in eduation,IHDI,Inequality-adjusted Human Development Index,27.914,2023
UGA,Uganda,ineq_inc,Inequality in income,IHDI,Inequality-adjusted Human Development Index,45.100,2010
UGA,Uganda,ineq_inc,Inequality in income,IHDI,Inequality-adjusted Human Development Index,45.100,2011
UGA,Uganda,ineq_inc,Inequality in income,IHDI,Inequality-adjusted Human Development Index,45.100,2012
UGA,Uganda,ineq_inc,Inequality in income,IHDI,Inequality-adjusted Human Development Index,42.105,2013
UGA,Uganda,ineq_inc,Inequality in income,IHDI,Inequality-adjusted Human Development Index,42.105,2014
UGA,Uganda,ineq_inc,Inequality in income,IHDI,Inequality-adjusted Human Development Index,42.105,2015
UGA,Uganda,ineq_inc,Inequality in income,IHDI,Inequality-adjusted Human Development Index,42.105,2016
UGA,Uganda,ineq_inc,Inequality in income,IHDI,Inequality-adjusted Human Development Index,43.406,2017
UGA,Uganda,ineq_inc,Inequality in income,IHDI,Inequality-adjusted Human Development Index,43.406,2018
UGA,Uganda,ineq_inc,Inequality in income,IHDI,Inequality-adjusted Human Development Index,43.406,2019
UGA,Uganda,ineq_inc,Inequality in income,IHDI,Inequality-adjusted Human Development Index,43.610,2020
UGA,Uganda,ineq_inc,Inequality in income,IHDI,Inequality-adjusted Human Development Index,43.610,2021
UGA,Uganda,ineq_inc,Inequality in income,IHDI,Inequality-adjusted Human Development Index,43.610,2022
UGA,Uganda,ineq_inc,Inequality in income,IHDI,Inequality-adjusted Human Development Index,43.610,2023
UGA,Uganda,ineq_le,Inequality in life expectancy,IHDI,Inequality-adjusted Human Development Index,30.785,2010
UGA,Uganda,ineq_le,Inequality in life expectancy,IHDI,Inequality-adjusted Human Development Index,29.578,2011
UGA,Uganda,ineq_le,Inequality in life expectancy,IHDI,Inequality-adjusted Human Development Index,28.449,2012
UGA,Uganda,ineq_le,Inequality in life expectancy,IHDI,Inequality-adjusted Human Development Index,27.395,2013
UGA,Uganda,ineq_le,Inequality in life expectancy,IHDI,Inequality-adjusted Human Development Index,26.445,2014
UGA,Uganda,ineq_le,Inequality in life expectancy,IHDI,Inequality-adjusted Human Development Index,25.542,2015
UGA,Uganda,ineq_le,Inequality in life expectancy,IHDI,Inequality-adjusted Human Development Index,24.483,2016
UGA,Uganda,ineq_le,Inequality in life expectancy,IHDI,Inequality-adjusted Human Development Index,23.662,2017
UGA,Uganda,ineq_le,Inequality in life expectancy,IHDI,Inequality-adjusted Human Development Index,22.798,2018
UGA,Uganda,ineq_le,Inequality in life expectancy,IHDI,Inequality-adjusted Human Development Index,22.217,2019
UGA,Uganda,ineq_le,Inequality in life expectancy,IHDI,Inequality-adjusted Human Development Index,21.492,2020
UGA,Uganda,ineq_le,Inequality in life expectancy,IHDI,Inequality-adjusted Human Development Index,21.124,2021
UGA,Uganda,ineq_le,Inequality in life expectancy,IHDI,Inequality-adjusted Human Development Index,20.871,2022
UGA,Uganda,ineq_le,Inequality in life expectancy,IHDI,Inequality-adjusted Human Development Index,20.142,2023
UGA,Uganda,le,Life Expectancy at Birth (years),HDI,Human Development Index,47.561,1990
UGA,Uganda,le,Life Expectancy at Birth (years),HDI,Human Development Index,47.549,1991
UGA,Uganda,le,Life Expectancy at Birth (years),HDI,Human Development Index,47.671,1992
UGA,Uganda,le,Life Expectancy at Birth (years),HDI,Human Development Index,47.681,1993
UGA,Uganda,le,Life Expectancy at Birth (years),HDI,Human Development Index,47.675,1994
UGA,Uganda,le,Life Expectancy at Birth (years),HDI,Human Development Index,47.706,1995
UGA,Uganda,le,Life Expectancy at Birth (years),HDI,Human Development Index,47.759,1996
UGA,Uganda,le,Life Expectancy at Birth (years),HDI,Human Development Index,48.026,1997
UGA,Uganda,le,Life Expectancy at Birth (years),HDI,Human Development Index,48.263,1998
UGA,Uganda,le,Life Expectancy at Birth (years),HDI,Human Development Index,48.977,1999
UGA,Uganda,le,Life Expectancy at Birth (years),HDI,Human Development Index,49.64,2000
UGA,Uganda,le,Life Expectancy at Birth (years),HDI,Human Development Index,50.576,2001
UGA,Uganda,le,Life Expectancy at Birth (years),HDI,Human Development Index,51.443,2002
UGA,Uganda,le,Life Expectancy at Birth (years),HDI,Human Development Index,52.414,2003
UGA,Uganda,le,Life Expectancy at Birth (years),HDI,Human Development Index,53.699,2004
UGA,Uganda,le,Life Expectancy at Birth (years),HDI,Human Development Index,54.926,2005
UGA,Uganda,le,Life Expectancy at Birth (years),HDI,Human Development Index,56.118,2006
UGA,Uganda,le,Life Expectancy at Birth (years),HDI,Human Development Index,57.248,2007
UGA,Uganda,le,Life Expectancy at Birth (years),HDI,Human Development Index,58.253,2008
UGA,Uganda,le,Life Expectancy at Birth (years),HDI,Human Development Index,59.157,2009
UGA,Uganda,le,Life Expectancy at Birth (years),HDI,Human Development Index,59.959,2010
UGA,Uganda,le,Life Expectancy at Birth (years),HDI,Human Development Index,60.791,2011
UGA,Uganda,le,Life Expectancy at Birth (years),HDI,Human Development Index,61.579,2012
UGA,Uganda,le,Life Expectancy at Birth (years),HDI,Human Development Index,62.353,2013
UGA,Uganda,le,Life Expectancy at Birth (years),HDI,Human Development Index,63.057,2014
UGA,Uganda,le,Life Expectancy at Birth (years),HDI,Human Development Index,63.831,2015
UGA,Uganda,le,Life Expectancy at Birth (years),HDI,Human Development Index,64.494,2016
UGA,Uganda,le,Life Expectancy at Birth (years),HDI,Human Development Index,65.174,2017
UGA,Uganda,le,Life Expectancy at Birth (years),HDI,Human Development Index,65.775,2018
UGA,Uganda,le,Life Expectancy at Birth (years),HDI,Human Development Index,66.354,2019
UGA,Uganda,le,Life Expectancy at Birth (years),HDI,Human Development Index,66.41,2020
UGA,Uganda,le,Life Expectancy at Birth (years),HDI,Human Development Index,66.45,2021
UGA,Uganda,le,Life Expectancy at Birth (years),HDI,Human Development Index,67.675,2022
UGA,Uganda,le,Life Expectancy at Birth (years),HDI,Human Development Index,68.252,2023
UGA,Uganda,le_f,"Life Expectancy at Birth, female (years)",GDI,Gender Development Index,49.846,1990
UGA,Uganda,le_f,"Life Expectancy at Birth, female (years)",GDI,Gender Development Index,49.839,1991
UGA,Uganda,le_f,"Life Expectancy at Birth, female (years)",GDI,Gender Development Index,49.852,1992
UGA,Uganda,le_f,"Life Expectancy at Birth, female (years)",GDI,Gender Development Index,49.808,1993
UGA,Uganda,le_f,"Life Expectancy at Birth, female (years)",GDI,Gender Development Index,49.737,1994
UGA,Uganda,le_f,"Life Expectancy at Birth, female (years)",GDI,Gender Development Index,49.669,1995
UGA,Uganda,le_f,"Life Expectancy at Birth, female (years)",GDI,Gender Development Index,49.677,1996
UGA,Uganda,le_f,"Life Expectancy at Birth, female (years)",GDI,Gender Development Index,49.838,1997
UGA,Uganda,le_f,"Life Expectancy at Birth, female (years)",GDI,Gender Development Index,50.001,1998
UGA,Uganda,le_f,"Life Expectancy at Birth, female (years)",GDI,Gender Development Index,50.687,1999
UGA,Uganda,le_f,"Life Expectancy at Birth, female (years)",GDI,Gender Development Index,51.405,2000
UGA,Uganda,le_f,"Life Expectancy at Birth, female (years)",GDI,Gender Development Index,52.318,2001
UGA,Uganda,le_f,"Life Expectancy at Birth, female (years)",GDI,Gender Development Index,53.305,2002
UGA,Uganda,le_f,"Life Expectancy at Birth, female (years)",GDI,Gender Development Index,54.338,2003
UGA,Uganda,le_f,"Life Expectancy at Birth, female (years)",GDI,Gender Development Index,55.599,2004
UGA,Uganda,le_f,"Life Expectancy at Birth, female (years)",GDI,Gender Development Index,56.853,2005
UGA,Uganda,le_f,"Life Expectancy at Birth, female (years)",GDI,Gender Development Index,58.042,2006
UGA,Uganda,le_f,"Life Expectancy at Birth, female (years)",GDI,Gender Development Index,59.16,2007
UGA,Uganda,le_f,"Life Expectancy at Birth, female (years)",GDI,Gender Development Index,60.202,2008
UGA,Uganda,le_f,"Life Expectancy at Birth, female (years)",GDI,Gender Development Index,61.194,2009
UGA,Uganda,le_f,"Life Expectancy at Birth, female (years)",GDI,Gender Development Index,62.081,2010
UGA,Uganda,le_f,"Life Expectancy at Birth, female (years)",GDI,Gender Development Index,62.91,2011
UGA,Uganda,le_f,"Life Expectancy at Birth, female (years)",GDI,Gender Development Index,63.797,2012
UGA,Uganda,le_f,"Life Expectancy at Birth, female (years)",GDI,Gender Development Index,64.669,2013
UGA,Uganda,le_f,"Life Expectancy at Birth, female (years)",GDI,Gender Development Index,65.516,2014
UGA,Uganda,le_f,"Life Expectancy at Birth, female (years)",GDI,Gender Development Index,66.335,2015
UGA,Uganda,le_f,"Life Expectancy at Birth, female (years)",GDI,Gender Development Index,67.102,2016
UGA,Uganda,le_f,"Life Expectancy at Birth, female (years)",GDI,Gender Development Index,67.823,2017
UGA,Uganda,le_f,"Life Expectancy at Birth, female (years)",GDI,Gender Development Index,68.473,2018
UGA,Uganda,le_f,"Life Expectancy at Birth, female (years)",GDI,Gender Development Index,69.13,2019
UGA,Uganda,le_f,"Life Expectancy at Birth, female (years)",GDI,Gender Development Index,69.43,2020
UGA,Uganda,le_f,"Life Expectancy at Birth, female (years)",GDI,Gender Development Index,69.235,2021
UGA,Uganda,le_f,"Life Expectancy at Birth, female (years)",GDI,Gender Development Index,70.544,2022
UGA,Uganda,le_f,"Life Expectancy at Birth, female (years)",GDI,Gender Development Index,71.116,2023
UGA,Uganda,le_m,"Life Expectancy at Birth, male (years)",GDI,Gender Development Index,45.32,1990
UGA,Uganda,le_m,"Life Expectancy at Birth, male (years)",GDI,Gender Development Index,45.302,1991
UGA,Uganda,le_m,"Life Expectancy at Birth, male (years)",GDI,Gender Development Index,45.52,1992
UGA,Uganda,le_m,"Life Expectancy at Birth, male (years)",GDI,Gender Development Index,45.58,1993
UGA,Uganda,le_m,"Life Expectancy at Birth, male (years)",GDI,Gender Development Index,45.633,1994
UGA,Uganda,le_m,"Life Expectancy at Birth, male (years)",GDI,Gender Development Index,45.754,1995
UGA,Uganda,le_m,"Life Expectancy at Birth, male (years)",GDI,Gender Development Index,45.842,1996
UGA,Uganda,le_m,"Life Expectancy at Birth, male (years)",GDI,Gender Development Index,46.205,1997
UGA,Uganda,le_m,"Life Expectancy at Birth, male (years)",GDI,Gender Development Index,46.508,1998
UGA,Uganda,le_m,"Life Expectancy at Birth, male (years)",GDI,Gender Development Index,47.243,1999
UGA,Uganda,le_m,"Life Expectancy at Birth, male (years)",GDI,Gender Development Index,47.85,2000
UGA,Uganda,le_m,"Life Expectancy at Birth, male (years)",GDI,Gender Development Index,48.8,2001
UGA,Uganda,le_m,"Life Expectancy at Birth, male (years)",GDI,Gender Development Index,49.548,2002
UGA,Uganda,le_m,"Life Expectancy at Birth, male (years)",GDI,Gender Development Index,50.453,2003
UGA,Uganda,le_m,"Life Expectancy at Birth, male (years)",GDI,Gender Development Index,51.742,2004
UGA,Uganda,le_m,"Life Expectancy at Birth, male (years)",GDI,Gender Development Index,52.929,2005
UGA,Uganda,le_m,"Life Expectancy at Birth, male (years)",GDI,Gender Development Index,54.114,2006
UGA,Uganda,le_m,"Life Expectancy at Birth, male (years)",GDI,Gender Development Index,55.243,2007
UGA,Uganda,le_m,"Life Expectancy at Birth, male (years)",GDI,Gender Development Index,56.203,2008
UGA,Uganda,le_m,"Life Expectancy at Birth, male (years)",GDI,Gender Development Index,57.018,2009
UGA,Uganda,le_m,"Life Expectancy at Birth, male (years)",GDI,Gender Development Index,57.732,2010
UGA,Uganda,le_m,"Life Expectancy at Birth, male (years)",GDI,Gender Development Index,58.555,2011
UGA,Uganda,le_m,"Life Expectancy at Birth, male (years)",GDI,Gender Development Index,59.241,2012
UGA,Uganda,le_m,"Life Expectancy at Birth, male (years)",GDI,Gender Development Index,59.916,2013
UGA,Uganda,le_m,"Life Expectancy at Birth, male (years)",GDI,Gender Development Index,60.481,2014
UGA,Uganda,le_m,"Life Expectancy at Birth, male (years)",GDI,Gender Development Index,61.206,2015
UGA,Uganda,le_m,"Life Expectancy at Birth, male (years)",GDI,Gender Development Index,61.77,2016
UGA,Uganda,le_m,"Life Expectancy at Birth, male (years)",GDI,Gender Development Index,62.412,2017
UGA,Uganda,le_m,"Life Expectancy at Birth, male (years)",GDI,Gender Development Index,62.969,2018
UGA,Uganda,le_m,"Life Expectancy at Birth, male (years)",GDI,Gender Development Index,63.475,2019
UGA,Uganda,le_m,"Life Expectancy at Birth, male (years)",GDI,Gender Development Index,63.352,2020
UGA,Uganda,le_m,"Life Expectancy at Birth, male (years)",GDI,Gender Development Index,63.584,2021
UGA,Uganda,le_m,"Life Expectancy at Birth, male (years)",GDI,Gender Development Index,64.697,2022
UGA,Uganda,le_m,"Life Expectancy at Birth, male (years)",GDI,Gender Development Index,65.268,2023
UGA,Uganda,lfpr_f,"Labour force participation rate, female (% ages 15 and older)",GII,Gender Inequality Index,81.9,2000
UGA,Uganda,lfpr_f,"Labour force participation rate, female (% ages 15 and older)",GII,Gender Inequality Index,81.9,2001
UGA,Uganda,lfpr_f,"Labour force participation rate, female (% ages 15 and older)",GII,Gender Inequality Index,81.9,2002
UGA,Uganda,lfpr_f,"Labour force participation rate, female (% ages 15 and older)",GII,Gender Inequality Index,37.38,2003
UGA,Uganda,lfpr_f,"Labour force participation rate, female (% ages 15 and older)",GII,Gender Inequality Index,45.21,2004
UGA,Uganda,lfpr_f,"Labour force participation rate, female (% ages 15 and older)",GII,Gender Inequality Index,53.03,2005
UGA,Uganda,lfpr_f,"Labour force participation rate, female (% ages 15 and older)",GII,Gender Inequality Index,60.86,2006
UGA,Uganda,lfpr_f,"Labour force participation rate, female (% ages 15 and older)",GII,Gender Inequality Index,68.68,2007
UGA,Uganda,lfpr_f,"Labour force participation rate, female (% ages 15 and older)",GII,Gender Inequality Index,76.51,2008
UGA,Uganda,lfpr_f,"Labour force participation rate, female (% ages 15 and older)",GII,Gender Inequality Index,84.33,2009
UGA,Uganda,lfpr_f,"Labour force participation rate, female (% ages 15 and older)",GII,Gender Inequality Index,70.19,2010
UGA,Uganda,lfpr_f,"Labour force participation rate, female (% ages 15 and older)",GII,Gender Inequality Index,77.85,2011
UGA,Uganda,lfpr_f,"Labour force participation rate, female (% ages 15 and older)",GII,Gender Inequality Index,65.72,2012
UGA,Uganda,lfpr_f,"Labour force participation rate, female (% ages 15 and older)",GII,Gender Inequality Index,83.75,2013
UGA,Uganda,lfpr_f,"Labour force participation rate, female (% ages 15 and older)",GII,Gender Inequality Index,75.25,2014
UGA,Uganda,lfpr_f,"Labour force participation rate, female (% ages 15 and older)",GII,Gender Inequality Index,73.25,2015
UGA,Uganda,lfpr_f,"Labour force participation rate, female (% ages 15 and older)",GII,Gender Inequality Index,71.25,2016
UGA,Uganda,lfpr_f,"Labour force participation rate, female (% ages 15 and older)",GII,Gender Inequality Index,69.24,2017
UGA,Uganda,lfpr_f,"Labour force participation rate, female (% ages 15 and older)",GII,Gender Inequality Index,71.89,2018
UGA,Uganda,lfpr_f,"Labour force participation rate, female (% ages 15 and older)",GII,Gender Inequality Index,74.55,2019
UGA,Uganda,lfpr_f,"Labour force participation rate, female (% ages 15 and older)",GII,Gender Inequality Index,74.54,2020
UGA,Uganda,lfpr_f,"Labour force participation rate, female (% ages 15 and older)",GII,Gender Inequality Index,74.53,2021
UGA,Uganda,lfpr_f,"Labour force participation rate, female (% ages 15 and older)",GII,Gender Inequality Index,74.52,2022
UGA,Uganda,lfpr_f,"Labour force participation rate, female (% ages 15 and older)",GII,Gender Inequality Index,74.52,2023
UGA,Uganda,lfpr_m,"Labour force participation rate, male (% ages 15 and older)",GII,Gender Inequality Index,83,2000
UGA,Uganda,lfpr_m,"Labour force participation rate, male (% ages 15 and older)",GII,Gender Inequality Index,83,2001
UGA,Uganda,lfpr_m,"Labour force participation rate, male (% ages 15 and older)",GII,Gender Inequality Index,83,2002
UGA,Uganda,lfpr_m,"Labour force participation rate, male (% ages 15 and older)",GII,Gender Inequality Index,38.9,2003
UGA,Uganda,lfpr_m,"Labour force participation rate, male (% ages 15 and older)",GII,Gender Inequality Index,46.84,2004
UGA,Uganda,lfpr_m,"Labour force participation rate, male (% ages 15 and older)",GII,Gender Inequality Index,54.79,2005
UGA,Uganda,lfpr_m,"Labour force participation rate, male (% ages 15 and older)",GII,Gender Inequality Index,62.73,2006
UGA,Uganda,lfpr_m,"Labour force participation rate, male (% ages 15 and older)",GII,Gender Inequality Index,70.67,2007
UGA,Uganda,lfpr_m,"Labour force participation rate, male (% ages 15 and older)",GII,Gender Inequality Index,78.62,2008
UGA,Uganda,lfpr_m,"Labour force participation rate, male (% ages 15 and older)",GII,Gender Inequality Index,86.56,2009
UGA,Uganda,lfpr_m,"Labour force participation rate, male (% ages 15 and older)",GII,Gender Inequality Index,76,2010
UGA,Uganda,lfpr_m,"Labour force participation rate, male (% ages 15 and older)",GII,Gender Inequality Index,82.29,2011
UGA,Uganda,lfpr_m,"Labour force participation rate, male (% ages 15 and older)",GII,Gender Inequality Index,74.77,2012
UGA,Uganda,lfpr_m,"Labour force participation rate, male (% ages 15 and older)",GII,Gender Inequality Index,88.17,2013
UGA,Uganda,lfpr_m,"Labour force participation rate, male (% ages 15 and older)",GII,Gender Inequality Index,78.11,2014
UGA,Uganda,lfpr_m,"Labour force participation rate, male (% ages 15 and older)",GII,Gender Inequality Index,74.82,2015
UGA,Uganda,lfpr_m,"Labour force participation rate, male (% ages 15 and older)",GII,Gender Inequality Index,71.53,2016
UGA,Uganda,lfpr_m,"Labour force participation rate, male (% ages 15 and older)",GII,Gender Inequality Index,75.01,2017
UGA,Uganda,lfpr_m,"Labour force participation rate, male (% ages 15 and older)",GII,Gender Inequality Index,78.08,2018
UGA,Uganda,lfpr_m,"Labour force participation rate, male (% ages 15 and older)",GII,Gender Inequality Index,81.16,2019
UGA,Uganda,lfpr_m,"Labour force participation rate, male (% ages 15 and older)",GII,Gender Inequality Index,82.7,2020
UGA,Uganda,lfpr_m,"Labour force participation rate, male (% ages 15 and older)",GII,Gender Inequality Index,84.24,2021
UGA,Uganda,lfpr_m,"Labour force participation rate, male (% ages 15 and older)",GII,Gender Inequality Index,85.81,2022
UGA,Uganda,lfpr_m,"Labour force participation rate, male (% ages 15 and older)",GII,Gender Inequality Index,85.81,2023
UGA,Uganda,loss,Overall loss (%),IHDI,Inequality-adjusted Human Development Index,36.381,2010
UGA,Uganda,loss,Overall loss (%),IHDI,Inequality-adjusted Human Development Index,35.249,2011
UGA,Uganda,loss,Overall loss (%),IHDI,Inequality-adjusted Human Development Index,34.791,2012
UGA,Uganda,loss,Overall loss (%),IHDI,Inequality-adjusted Human Development Index,33.271,2013
UGA,Uganda,loss,Overall loss (%),IHDI,Inequality-adjusted Human Development Index,33.024,2014
UGA,Uganda,loss,Overall loss (%),IHDI,Inequality-adjusted Human Development Index,32.724,2015
UGA,Uganda,loss,Overall loss (%),IHDI,Inequality-adjusted Human Development Index,31.826,2016
UGA,Uganda,loss,Overall loss (%),IHDI,Inequality-adjusted Human Development Index,32.136,2017
UGA,Uganda,loss,Overall loss (%),IHDI,Inequality-adjusted Human Development Index,31.972,2018
UGA,Uganda,loss,Overall loss (%),IHDI,Inequality-adjusted Human Development Index,31.810,2019
UGA,Uganda,loss,Overall loss (%),IHDI,Inequality-adjusted Human Development Index,31.699,2020
UGA,Uganda,loss,Overall loss (%),IHDI,Inequality-adjusted Human Development Index,31.588,2021
UGA,Uganda,loss,Overall loss (%),IHDI,Inequality-adjusted Human Development Index,31.488,2022
UGA,Uganda,loss,Overall loss (%),IHDI,Inequality-adjusted Human Development Index,31.271,2023
UGA,Uganda,mf,Material footprint per capita (tonnes),PHDI,Planetary pressures–adjusted Human Development Index,3.441,1990
UGA,Uganda,mf,Material footprint per capita (tonnes),PHDI,Planetary pressures–adjusted Human Development Index,3.305,1991
UGA,Uganda,mf,Material footprint per capita (tonnes),PHDI,Planetary pressures–adjusted Human Development Index,3.346,1992
UGA,Uganda,mf,Material footprint per capita (tonnes),PHDI,Planetary pressures–adjusted Human Development Index,3.342,1993
UGA,Uganda,mf,Material footprint per capita (tonnes),PHDI,Planetary pressures–adjusted Human Development Index,3.337,1994
UGA,Uganda,mf,Material footprint per capita (tonnes),PHDI,Planetary pressures–adjusted Human Development Index,3.464,1995
UGA,Uganda,mf,Material footprint per capita (tonnes),PHDI,Planetary pressures–adjusted Human Development Index,3.386,1996
UGA,Uganda,mf,Material footprint per capita (tonnes),PHDI,Planetary pressures–adjusted Human Development Index,3.203,1997
UGA,Uganda,mf,Material footprint per capita (tonnes),PHDI,Planetary pressures–adjusted Human Development Index,3.711,1998
UGA,Uganda,mf,Material footprint per capita (tonnes),PHDI,Planetary pressures–adjusted Human Development Index,3.892,1999
UGA,Uganda,mf,Material footprint per capita (tonnes),PHDI,Planetary pressures–adjusted Human Development Index,3.664,2000
UGA,Uganda,mf,Material footprint per capita (tonnes),PHDI,Planetary pressures–adjusted Human Development Index,3.574,2001
UGA,Uganda,mf,Material footprint per capita (tonnes),PHDI,Planetary pressures–adjusted Human Development Index,3.715,2002
UGA,Uganda,mf,Material footprint per capita (tonnes),PHDI,Planetary pressures–adjusted Human Development Index,3.735,2003
UGA,Uganda,mf,Material footprint per capita (tonnes),PHDI,Planetary pressures–adjusted Human Development Index,3.537,2004
UGA,Uganda,mf,Material footprint per capita (tonnes),PHDI,Planetary pressures–adjusted Human Development Index,3.486,2005
UGA,Uganda,mf,Material footprint per capita (tonnes),PHDI,Planetary pressures–adjusted Human Development Index,3.430,2006
UGA,Uganda,mf,Material footprint per capita (tonnes),PHDI,Planetary pressures–adjusted Human Development Index,3.452,2007
UGA,Uganda,mf,Material footprint per capita (tonnes),PHDI,Planetary pressures–adjusted Human Development Index,3.434,2008
UGA,Uganda,mf,Material footprint per capita (tonnes),PHDI,Planetary pressures–adjusted Human Development Index,4.141,2009
UGA,Uganda,mf,Material footprint per capita (tonnes),PHDI,Planetary pressures–adjusted Human Development Index,4.002,2010
UGA,Uganda,mf,Material footprint per capita (tonnes),PHDI,Planetary pressures–adjusted Human Development Index,3.871,2011
UGA,Uganda,mf,Material footprint per capita (tonnes),PHDI,Planetary pressures–adjusted Human Development Index,3.783,2012
UGA,Uganda,mf,Material footprint per capita (tonnes),PHDI,Planetary pressures–adjusted Human Development Index,3.525,2013
UGA,Uganda,mf,Material footprint per capita (tonnes),PHDI,Planetary pressures–adjusted Human Development Index,3.778,2014
UGA,Uganda,mf,Material footprint per capita (tonnes),PHDI,Planetary pressures–adjusted Human Development Index,3.520,2015
UGA,Uganda,mf,Material footprint per capita (tonnes),PHDI,Planetary pressures–adjusted Human Development Index,3.258,2016
UGA,Uganda,mf,Material footprint per capita (tonnes),PHDI,Planetary pressures–adjusted Human Development Index,3.437,2017
UGA,Uganda,mf,Material footprint per capita (tonnes),PHDI,Planetary pressures–adjusted Human Development Index,3.72,2018
UGA,Uganda,mf,Material footprint per capita (tonnes),PHDI,Planetary pressures–adjusted Human Development Index,3.768,2019
UGA,Uganda,mf,Material footprint per capita (tonnes),PHDI,Planetary pressures–adjusted Human Development Index,4.142,2020
UGA,Uganda,mf,Material footprint per capita (tonnes),PHDI,Planetary pressures–adjusted Human Development Index,3.971,2021
UGA,Uganda,mf,Material footprint per capita (tonnes),PHDI,Planetary pressures–adjusted Human Development Index,3.938,2022
UGA,Uganda,mf,Material footprint per capita (tonnes),PHDI,Planetary pressures–adjusted Human Development Index,3.872,2023
UGA,Uganda,mmr,"Maternal Mortality Ratio (deaths per 100,000 live births)",GII,Gender Inequality Index,602.287,1990
UGA,Uganda,mmr,"Maternal Mortality Ratio (deaths per 100,000 live births)",GII,Gender Inequality Index,594.167,1991
UGA,Uganda,mmr,"Maternal Mortality Ratio (deaths per 100,000 live births)",GII,Gender Inequality Index,578.466,1992
UGA,Uganda,mmr,"Maternal Mortality Ratio (deaths per 100,000 live births)",GII,Gender Inequality Index,583.108,1993
UGA,Uganda,mmr,"Maternal Mortality Ratio (deaths per 100,000 live births)",GII,Gender Inequality Index,561.899,1994
UGA,Uganda,mmr,"Maternal Mortality Ratio (deaths per 100,000 live births)",GII,Gender Inequality Index,541.570,1995
UGA,Uganda,mmr,"Maternal Mortality Ratio (deaths per 100,000 live births)",GII,Gender Inequality Index,526.458,1996
UGA,Uganda,mmr,"Maternal Mortality Ratio (deaths per 100,000 live births)",GII,Gender Inequality Index,518.220,1997
UGA,Uganda,mmr,"Maternal Mortality Ratio (deaths per 100,000 live births)",GII,Gender Inequality Index,486.034,1998
UGA,Uganda,mmr,"Maternal Mortality Ratio (deaths per 100,000 live births)",GII,Gender Inequality Index,467.825,1999
UGA,Uganda,mmr,"Maternal Mortality Ratio (deaths per 100,000 live births)",GII,Gender Inequality Index,461.460,2000
UGA,Uganda,mmr,"Maternal Mortality Ratio (deaths per 100,000 live births)",GII,Gender Inequality Index,452.768,2001
UGA,Uganda,mmr,"Maternal Mortality Ratio (deaths per 100,000 live births)",GII,Gender Inequality Index,452.501,2002
UGA,Uganda,mmr,"Maternal Mortality Ratio (deaths per 100,000 live births)",GII,Gender Inequality Index,448.629,2003
UGA,Uganda,mmr,"Maternal Mortality Ratio (deaths per 100,000 live births)",GII,Gender Inequality Index,442.415,2004
UGA,Uganda,mmr,"Maternal Mortality Ratio (deaths per 100,000 live births)",GII,Gender Inequality Index,435.355,2005
UGA,Uganda,mmr,"Maternal Mortality Ratio (deaths per 100,000 live births)",GII,Gender Inequality Index,416.233,2006
UGA,Uganda,mmr,"Maternal Mortality Ratio (deaths per 100,000 live births)",GII,Gender Inequality Index,381.817,2007
UGA,Uganda,mmr,"Maternal Mortality Ratio (deaths per 100,000 live births)",GII,Gender Inequality Index,390.765,2008
UGA,Uganda,mmr,"Maternal Mortality Ratio (deaths per 100,000 live births)",GII,Gender Inequality Index,391.416,2009
UGA,Uganda,mmr,"Maternal Mortality Ratio (deaths per 100,000 live births)",GII,Gender Inequality Index,371.987,2010
UGA,Uganda,mmr,"Maternal Mortality Ratio (deaths per 100,000 live births)",GII,Gender Inequality Index,358.525,2011
UGA,Uganda,mmr,"Maternal Mortality Ratio (deaths per 100,000 live births)",GII,Gender Inequality Index,334.369,2012
UGA,Uganda,mmr,"Maternal Mortality Ratio (deaths per 100,000 live births)",GII,Gender Inequality Index,310.613,2013
UGA,Uganda,mmr,"Maternal Mortality Ratio (deaths per 100,000 live births)",GII,Gender Inequality Index,331.563,2014
UGA,Uganda,mmr,"Maternal Mortality Ratio (deaths per 100,000 live births)",GII,Gender Inequality Index,318.524,2015
UGA,Uganda,mmr,"Maternal Mortality Ratio (deaths per 100,000 live births)",GII,Gender Inequality Index,310.727,2016
UGA,Uganda,mmr,"Maternal Mortality Ratio (deaths per 100,000 live births)",GII,Gender Inequality Index,312.855,2017
UGA,Uganda,mmr,"Maternal Mortality Ratio (deaths per 100,000 live births)",GII,Gender Inequality Index,283.322,2018
UGA,Uganda,mmr,"Maternal Mortality Ratio (deaths per 100,000 live births)",GII,Gender Inequality Index,291.642,2019
UGA,Uganda,mmr,"Maternal Mortality Ratio (deaths per 100,000 live births)",GII,Gender Inequality Index,284.141,2020
UGA,Uganda,mmr,"Maternal Mortality Ratio (deaths per 100,000 live births)",GII,Gender Inequality Index,284.141,2021
UGA,Uganda,mmr,"Maternal Mortality Ratio (deaths per 100,000 live births)",GII,Gender Inequality Index,284.141,2022
UGA,Uganda,mmr,"Maternal Mortality Ratio (deaths per 100,000 live births)",GII,Gender Inequality Index,284.141,2023
UGA,Uganda,mpi_headcount,MPI Headcount (%),MPI,Multidimensional Poverty Index,57.2,2016
UGA,Uganda,mpi_intensity,MPI Intensity (%),MPI,Multidimensional Poverty Index,49.2,2016
UGA,Uganda,mpi_value,MPI Value (Range: 0 to 1),MPI,Multidimensional Poverty Index,0.281,2016
UGA,Uganda,mys,Mean Years of Schooling (years),HDI,Human Development Index,3.175,1990
UGA,Uganda,mys,Mean Years of Schooling (years),HDI,Human Development Index,3.25,1991
UGA,Uganda,mys,Mean Years of Schooling (years),HDI,Human Development Index,3.327,1992
UGA,Uganda,mys,Mean Years of Schooling (years),HDI,Human Development Index,3.405,1993
UGA,Uganda,mys,Mean Years of Schooling (years),HDI,Human Development Index,3.482,1994
UGA,Uganda,mys,Mean Years of Schooling (years),HDI,Human Development Index,3.559,1995
UGA,Uganda,mys,Mean Years of Schooling (years),HDI,Human Development Index,3.636,1996
UGA,Uganda,mys,Mean Years of Schooling (years),HDI,Human Development Index,3.714,1997
UGA,Uganda,mys,Mean Years of Schooling (years),HDI,Human Development Index,3.791,1998
UGA,Uganda,mys,Mean Years of Schooling (years),HDI,Human Development Index,3.868,1999
UGA,Uganda,mys,Mean Years of Schooling (years),HDI,Human Development Index,3.945,2000
UGA,Uganda,mys,Mean Years of Schooling (years),HDI,Human Development Index,4.023,2001
UGA,Uganda,mys,Mean Years of Schooling (years),HDI,Human Development Index,4.100,2002
UGA,Uganda,mys,Mean Years of Schooling (years),HDI,Human Development Index,4.275,2003
UGA,Uganda,mys,Mean Years of Schooling (years),HDI,Human Development Index,4.450,2004
UGA,Uganda,mys,Mean Years of Schooling (years),HDI,Human Development Index,4.625,2005
UGA,Uganda,mys,Mean Years of Schooling (years),HDI,Human Development Index,4.800,2006
UGA,Uganda,mys,Mean Years of Schooling (years),HDI,Human Development Index,4.975,2007
UGA,Uganda,mys,Mean Years of Schooling (years),HDI,Human Development Index,5.150,2008
UGA,Uganda,mys,Mean Years of Schooling (years),HDI,Human Development Index,5.145,2009
UGA,Uganda,mys,Mean Years of Schooling (years),HDI,Human Development Index,5.140,2010
UGA,Uganda,mys,Mean Years of Schooling (years),HDI,Human Development Index,5.135,2011
UGA,Uganda,mys,Mean Years of Schooling (years),HDI,Human Development Index,5.130,2012
UGA,Uganda,mys,Mean Years of Schooling (years),HDI,Human Development Index,5.320,2013
UGA,Uganda,mys,Mean Years of Schooling (years),HDI,Human Development Index,5.510,2014
UGA,Uganda,mys,Mean Years of Schooling (years),HDI,Human Development Index,5.700,2015
UGA,Uganda,mys,Mean Years of Schooling (years),HDI,Human Development Index,5.890,2016
UGA,Uganda,mys,Mean Years of Schooling (years),HDI,Human Development Index,5.974,2017
UGA,Uganda,mys,Mean Years of Schooling (years),HDI,Human Development Index,6.060,2018
UGA,Uganda,mys,Mean Years of Schooling (years),HDI,Human Development Index,6.146,2019
UGA,Uganda,mys,Mean Years of Schooling (years),HDI,Human Development Index,6.234,2020
UGA,Uganda,mys,Mean Years of Schooling (years),HDI,Human Development Index,6.324,2021
UGA,Uganda,mys,Mean Years of Schooling (years),HDI,Human Development Index,6.324,2022
UGA,Uganda,mys,Mean Years of Schooling (years),HDI,Human Development Index,6.324,2023
UGA,Uganda,mys_f,"Mean Years of Schooling, female (years)",GDI,Gender Development Index,2.119,1990
UGA,Uganda,mys_f,"Mean Years of Schooling, female (years)",GDI,Gender Development Index,2.200,1991
UGA,Uganda,mys_f,"Mean Years of Schooling, female (years)",GDI,Gender Development Index,2.284,1992
UGA,Uganda,mys_f,"Mean Years of Schooling, female (years)",GDI,Gender Development Index,2.367,1993
UGA,Uganda,mys_f,"Mean Years of Schooling, female (years)",GDI,Gender Development Index,2.451,1994
UGA,Uganda,mys_f,"Mean Years of Schooling, female (years)",GDI,Gender Development Index,2.535,1995
UGA,Uganda,mys_f,"Mean Years of Schooling, female (years)",GDI,Gender Development Index,2.618,1996
UGA,Uganda,mys_f,"Mean Years of Schooling, female (years)",GDI,Gender Development Index,2.702,1997
UGA,Uganda,mys_f,"Mean Years of Schooling, female (years)",GDI,Gender Development Index,2.785,1998
UGA,Uganda,mys_f,"Mean Years of Schooling, female (years)",GDI,Gender Development Index,2.869,1999
UGA,Uganda,mys_f,"Mean Years of Schooling, female (years)",GDI,Gender Development Index,2.953,2000
UGA,Uganda,mys_f,"Mean Years of Schooling, female (years)",GDI,Gender Development Index,3.036,2001
UGA,Uganda,mys_f,"Mean Years of Schooling, female (years)",GDI,Gender Development Index,3.120,2002
UGA,Uganda,mys_f,"Mean Years of Schooling, female (years)",GDI,Gender Development Index,3.455,2003
UGA,Uganda,mys_f,"Mean Years of Schooling, female (years)",GDI,Gender Development Index,3.790,2004
UGA,Uganda,mys_f,"Mean Years of Schooling, female (years)",GDI,Gender Development Index,4.125,2005
UGA,Uganda,mys_f,"Mean Years of Schooling, female (years)",GDI,Gender Development Index,4.460,2006
UGA,Uganda,mys_f,"Mean Years of Schooling, female (years)",GDI,Gender Development Index,4.795,2007
UGA,Uganda,mys_f,"Mean Years of Schooling, female (years)",GDI,Gender Development Index,5.130,2008
UGA,Uganda,mys_f,"Mean Years of Schooling, female (years)",GDI,Gender Development Index,4.865,2009
UGA,Uganda,mys_f,"Mean Years of Schooling, female (years)",GDI,Gender Development Index,4.600,2010
UGA,Uganda,mys_f,"Mean Years of Schooling, female (years)",GDI,Gender Development Index,4.335,2011
UGA,Uganda,mys_f,"Mean Years of Schooling, female (years)",GDI,Gender Development Index,4.070,2012
UGA,Uganda,mys_f,"Mean Years of Schooling, female (years)",GDI,Gender Development Index,4.275,2013
UGA,Uganda,mys_f,"Mean Years of Schooling, female (years)",GDI,Gender Development Index,4.480,2014
UGA,Uganda,mys_f,"Mean Years of Schooling, female (years)",GDI,Gender Development Index,4.685,2015
UGA,Uganda,mys_f,"Mean Years of Schooling, female (years)",GDI,Gender Development Index,4.891,2016
UGA,Uganda,mys_f,"Mean Years of Schooling, female (years)",GDI,Gender Development Index,4.956,2017
UGA,Uganda,mys_f,"Mean Years of Schooling, female (years)",GDI,Gender Development Index,5.022,2018
UGA,Uganda,mys_f,"Mean Years of Schooling, female (years)",GDI,Gender Development Index,5.090,2019
UGA,Uganda,mys_f,"Mean Years of Schooling, female (years)",GDI,Gender Development Index,5.158,2020
UGA,Uganda,mys_f,"Mean Years of Schooling, female (years)",GDI,Gender Development Index,5.227,2021
UGA,Uganda,mys_f,"Mean Years of Schooling, female (years)",GDI,Gender Development Index,5.227,2022
UGA,Uganda,mys_f,"Mean Years of Schooling, female (years)",GDI,Gender Development Index,5.227,2023
UGA,Uganda,mys_m,"Mean Years of Schooling, male (years)",GDI,Gender Development Index,4.321,1990
UGA,Uganda,mys_m,"Mean Years of Schooling, male (years)",GDI,Gender Development Index,4.390,1991
UGA,Uganda,mys_m,"Mean Years of Schooling, male (years)",GDI,Gender Development Index,4.460,1992
UGA,Uganda,mys_m,"Mean Years of Schooling, male (years)",GDI,Gender Development Index,4.530,1993
UGA,Uganda,mys_m,"Mean Years of Schooling, male (years)",GDI,Gender Development Index,4.600,1994
UGA,Uganda,mys_m,"Mean Years of Schooling, male (years)",GDI,Gender Development Index,4.670,1995
UGA,Uganda,mys_m,"Mean Years of Schooling, male (years)",GDI,Gender Development Index,4.740,1996
UGA,Uganda,mys_m,"Mean Years of Schooling, male (years)",GDI,Gender Development Index,4.810,1997
UGA,Uganda,mys_m,"Mean Years of Schooling, male (years)",GDI,Gender Development Index,4.880,1998
UGA,Uganda,mys_m,"Mean Years of Schooling, male (years)",GDI,Gender Development Index,4.950,1999
UGA,Uganda,mys_m,"Mean Years of Schooling, male (years)",GDI,Gender Development Index,5.020,2000
UGA,Uganda,mys_m,"Mean Years of Schooling, male (years)",GDI,Gender Development Index,5.090,2001
UGA,Uganda,mys_m,"Mean Years of Schooling, male (years)",GDI,Gender Development Index,5.160,2002
UGA,Uganda,mys_m,"Mean Years of Schooling, male (years)",GDI,Gender Development Index,5.162,2003
UGA,Uganda,mys_m,"Mean Years of Schooling, male (years)",GDI,Gender Development Index,5.163,2004
UGA,Uganda,mys_m,"Mean Years of Schooling, male (years)",GDI,Gender Development Index,5.165,2005
UGA,Uganda,mys_m,"Mean Years of Schooling, male (years)",GDI,Gender Development Index,5.167,2006
UGA,Uganda,mys_m,"Mean Years of Schooling, male (years)",GDI,Gender Development Index,5.168,2007
UGA,Uganda,mys_m,"Mean Years of Schooling, male (years)",GDI,Gender Development Index,5.170,2008
UGA,Uganda,mys_m,"Mean Years of Schooling, male (years)",GDI,Gender Development Index,5.460,2009
UGA,Uganda,mys_m,"Mean Years of Schooling, male (years)",GDI,Gender Development Index,5.75,2010
UGA,Uganda,mys_m,"Mean Years of Schooling, male (years)",GDI,Gender Development Index,6.040,2011
UGA,Uganda,mys_m,"Mean Years of Schooling, male (years)",GDI,Gender Development Index,6.330,2012
UGA,Uganda,mys_m,"Mean Years of Schooling, male (years)",GDI,Gender Development Index,6.520,2013
UGA,Uganda,mys_m,"Mean Years of Schooling, male (years)",GDI,Gender Development Index,6.711,2014
UGA,Uganda,mys_m,"Mean Years of Schooling, male (years)",GDI,Gender Development Index,6.901,2015
UGA,Uganda,mys_m,"Mean Years of Schooling, male (years)",GDI,Gender Development Index,7.091,2016
UGA,Uganda,mys_m,"Mean Years of Schooling, male (years)",GDI,Gender Development Index,7.239,2017
UGA,Uganda,mys_m,"Mean Years of Schooling, male (years)",GDI,Gender Development Index,7.390,2018
UGA,Uganda,mys_m,"Mean Years of Schooling, male (years)",GDI,Gender Development Index,7.544,2019
UGA,Uganda,mys_m,"Mean Years of Schooling, male (years)",GDI,Gender Development Index,7.701,2020
UGA,Uganda,mys_m,"Mean Years of Schooling, male (years)",GDI,Gender Development Index,7.862,2021
UGA,Uganda,mys_m,"Mean Years of Schooling, male (years)",GDI,Gender Development Index,7.862,2022
UGA,Uganda,mys_m,"Mean Years of Schooling, male (years)",GDI,Gender Development Index,7.862,2023
UGA,Uganda,nutrition,Contribution of Nutrition to MPI (%),MPI,Multidimensional Poverty Index,20.799,2016
UGA,Uganda,pop_total,"Population, total (millions)",OTHER,Additional Indicators,17.570,1990
UGA,Uganda,pop_total,"Population, total (millions)",OTHER,Additional Indicators,18.156,1991
UGA,Uganda,pop_total,"Population, total (millions)",OTHER,Additional Indicators,18.785,1992
UGA,Uganda,pop_total,"Population, total (millions)",OTHER,Additional Indicators,19.445,1993
UGA,Uganda,pop_total,"Population, total (millions)",OTHER,Additional Indicators,20.109,1994
UGA,Uganda,pop_total,"Population, total (millions)",OTHER,Additional Indicators,20.666,1995
UGA,Uganda,pop_total,"Population, total (millions)",OTHER,Additional Indicators,21.232,1996
UGA,Uganda,pop_total,"Population, total (millions)",OTHER,Additional Indicators,21.856,1997
UGA,Uganda,pop_total,"Population, total (millions)",OTHER,Additional Indicators,22.516,1998
UGA,Uganda,pop_total,"Population, total (millions)",OTHER,Additional Indicators,23.257,1999
UGA,Uganda,pop_total,"Population, total (millions)",OTHER,Additional Indicators,24.000,2000
UGA,Uganda,pop_total,"Population, total (millions)",OTHER,Additional Indicators,24.746,2001
UGA,Uganda,pop_total,"Population, total (millions)",OTHER,Additional Indicators,25.533,2002
UGA,Uganda,pop_total,"Population, total (millions)",OTHER,Additional Indicators,26.352,2003
UGA,Uganda,pop_total,"Population, total (millions)",OTHER,Additional Indicators,27.155,2004
UGA,Uganda,pop_total,"Population, total (millions)",OTHER,Additional Indicators,27.963,2005
UGA,Uganda,pop_total,"Population, total (millions)",OTHER,Additional Indicators,28.794,2006
UGA,Uganda,pop_total,"Population, total (millions)",OTHER,Additional Indicators,29.653,2007
UGA,Uganda,pop_total,"Population, total (millions)",OTHER,Additional Indicators,30.540,2008
UGA,Uganda,pop_total,"Population, total (millions)",OTHER,Additional Indicators,31.451,2009
UGA,Uganda,pop_total,"Population, total (millions)",OTHER,Additional Indicators,32.391,2010
UGA,Uganda,pop_total,"Population, total (millions)",OTHER,Additional Indicators,33.355,2011
UGA,Uganda,pop_total,"Population, total (millions)",OTHER,Additional Indicators,34.337,2012
UGA,Uganda,pop_total,"Population, total (millions)",OTHER,Additional Indicators,35.337,2013
UGA,Uganda,pop_total,"Population, total (millions)",OTHER,Additional Indicators,36.396,2014
UGA,Uganda,pop_total,"Population, total (millions)",OTHER,Additional Indicators,37.531,2015
UGA,Uganda,pop_total,"Population, total (millions)",OTHER,Additional Indicators,38.799,2016
UGA,Uganda,pop_total,"Population, total (millions)",OTHER,Additional Indicators,40.177,2017
UGA,Uganda,pop_total,"Population, total (millions)",OTHER,Additional Indicators,41.566,2018
UGA,Uganda,pop_total,"Population, total (millions)",OTHER,Additional Indicators,43.000,2019
UGA,Uganda,pop_total,"Population, total (millions)",OTHER,Additional Indicators,44.457,2020
UGA,Uganda,pop_total,"Population, total (millions)",OTHER,Additional Indicators,45.911,2021
UGA,Uganda,pop_total,"Population, total (millions)",OTHER,Additional Indicators,47.313,2022
UGA,Uganda,pop_total,"Population, total (millions)",OTHER,Additional Indicators,48.657,2023
UGA,Uganda,pr_f,"Share of seats in parliament, female (% held by women)",GII,Gender Inequality Index,18.116,1990
UGA,Uganda,pr_f,"Share of seats in parliament, female (% held by women)",GII,Gender Inequality Index,18.116,1991
UGA,Uganda,pr_f,"Share of seats in parliament, female (% held by women)",GII,Gender Inequality Index,18.116,1992
UGA,Uganda,pr_f,"Share of seats in parliament, female (% held by women)",GII,Gender Inequality Index,18.116,1993
UGA,Uganda,pr_f,"Share of seats in parliament, female (% held by women)",GII,Gender Inequality Index,18.116,1994
UGA,Uganda,pr_f,"Share of seats in parliament, female (% held by women)",GII,Gender Inequality Index,18.116,1995
UGA,Uganda,pr_f,"Share of seats in parliament, female (% held by women)",GII,Gender Inequality Index,18.116,1996
UGA,Uganda,pr_f,"Share of seats in parliament, female (% held by women)",GII,Gender Inequality Index,18.116,1997
UGA,Uganda,pr_f,"Share of seats in parliament, female (% held by women)",GII,Gender Inequality Index,18.116,1998
UGA,Uganda,pr_f,"Share of seats in parliament, female (% held by women)",GII,Gender Inequality Index,17.921,1999
UGA,Uganda,pr_f,"Share of seats in parliament, female (% held by women)",GII,Gender Inequality Index,17.794,2000
UGA,Uganda,pr_f,"Share of seats in parliament, female (% held by women)",GII,Gender Inequality Index,24.671,2001
UGA,Uganda,pr_f,"Share of seats in parliament, female (% held by women)",GII,Gender Inequality Index,24.671,2002
UGA,Uganda,pr_f,"Share of seats in parliament, female (% held by women)",GII,Gender Inequality Index,24.671,2003
UGA,Uganda,pr_f,"Share of seats in parliament, female (% held by women)",GII,Gender Inequality Index,23.934,2004
UGA,Uganda,pr_f,"Share of seats in parliament, female (% held by women)",GII,Gender Inequality Index,23.934,2005
UGA,Uganda,pr_f,"Share of seats in parliament, female (% held by women)",GII,Gender Inequality Index,29.819,2006
UGA,Uganda,pr_f,"Share of seats in parliament, female (% held by women)",GII,Gender Inequality Index,30.723,2007
UGA,Uganda,pr_f,"Share of seats in parliament, female (% held by women)",GII,Gender Inequality Index,30.723,2008
UGA,Uganda,pr_f,"Share of seats in parliament, female (% held by women)",GII,Gender Inequality Index,31.481,2009
UGA,Uganda,pr_f,"Share of seats in parliament, female (% held by women)",GII,Gender Inequality Index,31.288,2010
UGA,Uganda,pr_f,"Share of seats in parliament, female (% held by women)",GII,Gender Inequality Index,34.974,2011
UGA,Uganda,pr_f,"Share of seats in parliament, female (% held by women)",GII,Gender Inequality Index,34.974,2012
UGA,Uganda,pr_f,"Share of seats in parliament, female (% held by women)",GII,Gender Inequality Index,34.974,2013
UGA,Uganda,pr_f,"Share of seats in parliament, female (% held by women)",GII,Gender Inequality Index,34.974,2014
UGA,Uganda,pr_f,"Share of seats in parliament, female (% held by women)",GII,Gender Inequality Index,34.974,2015
UGA,Uganda,pr_f,"Share of seats in parliament, female (% held by women)",GII,Gender Inequality Index,33.489,2016
UGA,Uganda,pr_f,"Share of seats in parliament, female (% held by women)",GII,Gender Inequality Index,34.298,2017
UGA,Uganda,pr_f,"Share of seats in parliament, female (% held by women)",GII,Gender Inequality Index,34.298,2018
UGA,Uganda,pr_f,"Share of seats in parliament, female (% held by women)",GII,Gender Inequality Index,34.858,2019
UGA,Uganda,pr_f,"Share of seats in parliament, female (% held by women)",GII,Gender Inequality Index,34.858,2020
UGA,Uganda,pr_f,"Share of seats in parliament, female (% held by women)",GII,Gender Inequality Index,33.813,2021
UGA,Uganda,pr_f,"Share of seats in parliament, female (% held by women)",GII,Gender Inequality Index,33.813,2022
UGA,Uganda,pr_f,"Share of seats in parliament, female (% held by women)",GII,Gender Inequality Index,33.813,2023
UGA,Uganda,pr_m,"Share of seats in parliament, male (% held by men)",GII,Gender Inequality Index,81.884,1990
UGA,Uganda,pr_m,"Share of seats in parliament, male (% held by men)",GII,Gender Inequality Index,81.884,1991
UGA,Uganda,pr_m,"Share of seats in parliament, male (% held by men)",GII,Gender Inequality Index,81.884,1992
UGA,Uganda,pr_m,"Share of seats in parliament, male (% held by men)",GII,Gender Inequality Index,81.884,1993
UGA,Uganda,pr_m,"Share of seats in parliament, male (% held by men)",GII,Gender Inequality Index,81.884,1994
UGA,Uganda,pr_m,"Share of seats in parliament, male (% held by men)",GII,Gender Inequality Index,81.884,1995
UGA,Uganda,pr_m,"Share of seats in parliament, male (% held by men)",GII,Gender Inequality Index,81.884,1996
UGA,Uganda,pr_m,"Share of seats in parliament, male (% held by men)",GII,Gender Inequality Index,81.884,1997
UGA,Uganda,pr_m,"Share of seats in parliament, male (% held by men)",GII,Gender Inequality Index,81.884,1998
UGA,Uganda,pr_m,"Share of seats in parliament, male (% held by men)",GII,Gender Inequality Index,82.079,1999
UGA,Uganda,pr_m,"Share of seats in parliament, male (% held by men)",GII,Gender Inequality Index,82.206,2000
UGA,Uganda,pr_m,"Share of seats in parliament, male (% held by men)",GII,Gender Inequality Index,75.329,2001
UGA,Uganda,pr_m,"Share of seats in parliament, male (% held by men)",GII,Gender Inequality Index,75.329,2002
UGA,Uganda,pr_m,"Share of seats in parliament, male (% held by men)",GII,Gender Inequality Index,75.329,2003
UGA,Uganda,pr_m,"Share of seats in parliament, male (% held by men)",GII,Gender Inequality Index,76.066,2004
UGA,Uganda,pr_m,"Share of seats in parliament, male (% held by men)",GII,Gender Inequality Index,76.066,2005
UGA,Uganda,pr_m,"Share of seats in parliament, male (% held by men)",GII,Gender Inequality Index,70.181,2006
UGA,Uganda,pr_m,"Share of seats in parliament, male (% held by men)",GII,Gender Inequality Index,69.277,2007
UGA,Uganda,pr_m,"Share of seats in parliament, male (% held by men)",GII,Gender Inequality Index,69.277,2008
UGA,Uganda,pr_m,"Share of seats in parliament, male (% held by men)",GII,Gender Inequality Index,68.519,2009
UGA,Uganda,pr_m,"Share of seats in parliament, male (% held by men)",GII,Gender Inequality Index,68.712,2010
UGA,Uganda,pr_m,"Share of seats in parliament, male (% held by men)",GII,Gender Inequality Index,65.026,2011
UGA,Uganda,pr_m,"Share of seats in parliament, male (% held by men)",GII,Gender Inequality Index,65.026,2012
UGA,Uganda,pr_m,"Share of seats in parliament, male (% held by men)",GII,Gender Inequality Index,65.026,2013
UGA,Uganda,pr_m,"Share of seats in parliament, male (% held by men)",GII,Gender Inequality Index,65.026,2014
UGA,Uganda,pr_m,"Share of seats in parliament, male (% held by men)",GII,Gender Inequality Index,65.026,2015
UGA,Uganda,pr_m,"Share of seats in parliament, male (% held by men)",GII,Gender Inequality Index,66.511,2016
UGA,Uganda,pr_m,"Share of seats in parliament, male (% held by men)",GII,Gender Inequality Index,65.702,2017
UGA,Uganda,pr_m,"Share of seats in parliament, male (% held by men)",GII,Gender Inequality Index,65.702,2018
UGA,Uganda,pr_m,"Share of seats in parliament, male (% held by men)",GII,Gender Inequality Index,65.142,2019
UGA,Uganda,pr_m,"Share of seats in parliament, male (% held by men)",GII,Gender Inequality Index,65.142,2020
UGA,Uganda,pr_m,"Share of seats in parliament, male (% held by men)",GII,Gender Inequality Index,66.187,2021
UGA,Uganda,pr_m,"Share of seats in parliament, male (% held by men)",GII,Gender Inequality Index,66.187,2022
UGA,Uganda,pr_m,"Share of seats in parliament, male (% held by men)",GII,Gender Inequality Index,66.187,2023
UGA,Uganda,rankdiff_hdi_phdi,Difference from HDI rank,PHDI,Planetary pressures–adjusted Human Development Index,3,2023
UGA,Uganda,sanitation,Contribution of Sanitation to MPI (%),MPI,Multidimensional Poverty Index,9.958,2016
UGA,Uganda,school_attendance,Contribution of School attendance to MPI (%),MPI,Multidimensional Poverty Index,8.193,2016
UGA,Uganda,se_f,"Population with at least some secondary education, female (% ages 25 and older)",GII,Gender Inequality Index,6.141,1990
UGA,Uganda,se_f,"Population with at least some secondary education, female (% ages 25 and older)",GII,Gender Inequality Index,6.220,1991
UGA,Uganda,se_f,"Population with at least some secondary education, female (% ages 25 and older)",GII,Gender Inequality Index,6.300,1992
UGA,Uganda,se_f,"Population with at least some secondary education, female (% ages 25 and older)",GII,Gender Inequality Index,6.380,1993
UGA,Uganda,se_f,"Population with at least some secondary education, female (% ages 25 and older)",GII,Gender Inequality Index,6.460,1994
UGA,Uganda,se_f,"Population with at least some secondary education, female (% ages 25 and older)",GII,Gender Inequality Index,6.540,1995
UGA,Uganda,se_f,"Population with at least some secondary education, female (% ages 25 and older)",GII,Gender Inequality Index,6.620,1996
UGA,Uganda,se_f,"Population with at least some secondary education, female (% ages 25 and older)",GII,Gender Inequality Index,6.700,1997
UGA,Uganda,se_f,"Population with at least some secondary education, female (% ages 25 and older)",GII,Gender Inequality Index,6.780,1998
UGA,Uganda,se_f,"Population with at least some secondary education, female (% ages 25 and older)",GII,Gender Inequality Index,6.860,1999
UGA,Uganda,se_f,"Population with at least some secondary education, female (% ages 25 and older)",GII,Gender Inequality Index,6.940,2000
UGA,Uganda,se_f,"Population with at least some secondary education, female (% ages 25 and older)",GII,Gender Inequality Index,7.020,2001
UGA,Uganda,se_f,"Population with at least some secondary education, female (% ages 25 and older)",GII,Gender Inequality Index,7.100,2002
UGA,Uganda,se_f,"Population with at least some secondary education, female (% ages 25 and older)",GII,Gender Inequality Index,9.788,2003
UGA,Uganda,se_f,"Population with at least some secondary education, female (% ages 25 and older)",GII,Gender Inequality Index,12.477,2004
UGA,Uganda,se_f,"Population with at least some secondary education, female (% ages 25 and older)",GII,Gender Inequality Index,15.165,2005
UGA,Uganda,se_f,"Population with at least some secondary education, female (% ages 25 and older)",GII,Gender Inequality Index,17.853,2006
UGA,Uganda,se_f,"Population with at least some secondary education, female (% ages 25 and older)",GII,Gender Inequality Index,20.542,2007
UGA,Uganda,se_f,"Population with at least some secondary education, female (% ages 25 and older)",GII,Gender Inequality Index,23.230,2008
UGA,Uganda,se_f,"Population with at least some secondary education, female (% ages 25 and older)",GII,Gender Inequality Index,23.075,2009
UGA,Uganda,se_f,"Population with at least some secondary education, female (% ages 25 and older)",GII,Gender Inequality Index,22.920,2010
UGA,Uganda,se_f,"Population with at least some secondary education, female (% ages 25 and older)",GII,Gender Inequality Index,11.150,2011
UGA,Uganda,se_f,"Population with at least some secondary education, female (% ages 25 and older)",GII,Gender Inequality Index,11.705,2012
UGA,Uganda,se_f,"Population with at least some secondary education, female (% ages 25 and older)",GII,Gender Inequality Index,12.261,2013
UGA,Uganda,se_f,"Population with at least some secondary education, female (% ages 25 and older)",GII,Gender Inequality Index,12.816,2014
UGA,Uganda,se_f,"Population with at least some secondary education, female (% ages 25 and older)",GII,Gender Inequality Index,13.479,2015
UGA,Uganda,se_f,"Population with at least some secondary education, female (% ages 25 and older)",GII,Gender Inequality Index,14.142,2016
UGA,Uganda,se_f,"Population with at least some secondary education, female (% ages 25 and older)",GII,Gender Inequality Index,16.232,2017
UGA,Uganda,se_f,"Population with at least some secondary education, female (% ages 25 and older)",GII,Gender Inequality Index,18.322,2018
UGA,Uganda,se_f,"Population with at least some secondary education, female (% ages 25 and older)",GII,Gender Inequality Index,20.412,2019
UGA,Uganda,se_f,"Population with at least some secondary education, female (% ages 25 and older)",GII,Gender Inequality Index,22.418,2020
UGA,Uganda,se_f,"Population with at least some secondary education, female (% ages 25 and older)",GII,Gender Inequality Index,24.622,2021
UGA,Uganda,se_f,"Population with at least some secondary education, female (% ages 25 and older)",GII,Gender Inequality Index,24.622,2022
UGA,Uganda,se_f,"Population with at least some secondary education, female (% ages 25 and older)",GII,Gender Inequality Index,24.622,2023
UGA,Uganda,se_m,"Population with at least some secondary education, male (% ages 25 and older)",GII,Gender Inequality Index,16.015,1990
UGA,Uganda,se_m,"Population with at least some secondary education, male (% ages 25 and older)",GII,Gender Inequality Index,16.040,1991
UGA,Uganda,se_m,"Population with at least some secondary education, male (% ages 25 and older)",GII,Gender Inequality Index,16.065,1992
UGA,Uganda,se_m,"Population with at least some secondary education, male (% ages 25 and older)",GII,Gender Inequality Index,16.091,1993
UGA,Uganda,se_m,"Population with at least some secondary education, male (% ages 25 and older)",GII,Gender Inequality Index,16.116,1994
UGA,Uganda,se_m,"Population with at least some secondary education, male (% ages 25 and older)",GII,Gender Inequality Index,16.142,1995
UGA,Uganda,se_m,"Population with at least some secondary education, male (% ages 25 and older)",GII,Gender Inequality Index,16.167,1996
UGA,Uganda,se_m,"Population with at least some secondary education, male (% ages 25 and older)",GII,Gender Inequality Index,16.193,1997
UGA,Uganda,se_m,"Population with at least some secondary education, male (% ages 25 and older)",GII,Gender Inequality Index,16.218,1998
UGA,Uganda,se_m,"Population with at least some secondary education, male (% ages 25 and older)",GII,Gender Inequality Index,16.244,1999
UGA,Uganda,se_m,"Population with at least some secondary education, male (% ages 25 and older)",GII,Gender Inequality Index,16.269,2000
UGA,Uganda,se_m,"Population with at least some secondary education, male (% ages 25 and older)",GII,Gender Inequality Index,16.295,2001
UGA,Uganda,se_m,"Population with at least some secondary education, male (% ages 25 and older)",GII,Gender Inequality Index,16.320,2002
UGA,Uganda,se_m,"Population with at least some secondary education, male (% ages 25 and older)",GII,Gender Inequality Index,17.605,2003
UGA,Uganda,se_m,"Population with at least some secondary education, male (% ages 25 and older)",GII,Gender Inequality Index,18.890,2004
UGA,Uganda,se_m,"Population with at least some secondary education, male (% ages 25 and older)",GII,Gender Inequality Index,20.175,2005
UGA,Uganda,se_m,"Population with at least some secondary education, male (% ages 25 and older)",GII,Gender Inequality Index,21.460,2006
UGA,Uganda,se_m,"Population with at least some secondary education, male (% ages 25 and older)",GII,Gender Inequality Index,22.745,2007
UGA,Uganda,se_m,"Population with at least some secondary education, male (% ages 25 and older)",GII,Gender Inequality Index,24.030,2008
UGA,Uganda,se_m,"Population with at least some secondary education, male (% ages 25 and older)",GII,Gender Inequality Index,28.855,2009
UGA,Uganda,se_m,"Population with at least some secondary education, male (% ages 25 and older)",GII,Gender Inequality Index,33.680,2010
UGA,Uganda,se_m,"Population with at least some secondary education, male (% ages 25 and older)",GII,Gender Inequality Index,24.500,2011
UGA,Uganda,se_m,"Population with at least some secondary education, male (% ages 25 and older)",GII,Gender Inequality Index,25.266,2012
UGA,Uganda,se_m,"Population with at least some secondary education, male (% ages 25 and older)",GII,Gender Inequality Index,26.032,2013
UGA,Uganda,se_m,"Population with at least some secondary education, male (% ages 25 and older)",GII,Gender Inequality Index,26.797,2014
UGA,Uganda,se_m,"Population with at least some secondary education, male (% ages 25 and older)",GII,Gender Inequality Index,26.027,2015
UGA,Uganda,se_m,"Population with at least some secondary education, male (% ages 25 and older)",GII,Gender Inequality Index,25.256,2016
UGA,Uganda,se_m,"Population with at least some secondary education, male (% ages 25 and older)",GII,Gender Inequality Index,28.771,2017
UGA,Uganda,se_m,"Population with at least some secondary education, male (% ages 25 and older)",GII,Gender Inequality Index,32.286,2018
UGA,Uganda,se_m,"Population with at least some secondary education, male (% ages 25 and older)",GII,Gender Inequality Index,35.801,2019
UGA,Uganda,se_m,"Population with at least some secondary education, male (% ages 25 and older)",GII,Gender Inequality Index,38.033,2020
UGA,Uganda,se_m,"Population with at least some secondary education, male (% ages 25 and older)",GII,Gender Inequality Index,40.405,2021
UGA,Uganda,se_m,"Population with at least some secondary education, male (% ages 25 and older)",GII,Gender Inequality Index,40.405,2022
UGA,Uganda,se_m,"Population with at least some secondary education, male (% ages 25 and older)",GII,Gender Inequality Index,40.405,2023
UGA,Uganda,years_of_schooling,Contribution of Years of schooling to MPI (%),MPI,Multidimensional Poverty Index,13.384,2016
